stage,presentation,rank,layer,users,mean_target_rank90,p90_target_rank90,mean_target_rank95,retained_centered_energy,anchor_fit_relative_l2
av_aggregation,S4_aggregated_context,0,0,512,1.025390625,1.0,1.11328125,0.0,0.03237933285008694
av_aggregation,S4_aggregated_context,0,1,512,1.030078125,1.0,1.05859375,0.0,0.021642764550597347
av_aggregation,S4_aggregated_context,0,2,512,1.17265625,2.0,1.2953125,0.0,0.008174585021731674
av_aggregation,S4_aggregated_context,0,3,512,1.130078125,2.0,1.2546875,0.0,0.010930819142276959
av_aggregation,S4_aggregated_context,0,4,512,1.0046875,1.0,1.015234375,0.0,0.03373572613500073
av_aggregation,S4_aggregated_context,0,5,512,1.025,1.0,1.05703125,0.0,0.023471021728028063
av_aggregation,S4_aggregated_context,1,0,512,1.025390625,1.0,1.11328125,0.9766290054423734,0.003497991626750263
av_aggregation,S4_aggregated_context,1,1,512,1.031640625,1.0,1.061328125,0.9865534027572721,0.0011791468057936072
av_aggregation,S4_aggregated_context,1,2,512,1.173828125,2.0,1.308203125,0.9460783076705411,0.0008294219564135119
av_aggregation,S4_aggregated_context,1,3,512,1.138671875,2.0,1.262890625,0.9539349341997877,0.0014460804787404414
av_aggregation,S4_aggregated_context,1,4,512,1.00234375,1.0,1.010546875,0.9940432213246823,0.002406638451184051
av_aggregation,S4_aggregated_context,1,5,512,1.019921875,1.0,1.047265625,0.9869721413590014,0.00211696867119997
av_aggregation,S4_aggregated_context,2,0,512,1.025390625,1.0,1.11328125,0.9962797227781266,0.0015227697583270583
av_aggregation,S4_aggregated_context,2,1,512,1.03125,1.0,1.060546875,0.9989730732981116,0.0003119705029575925
av_aggregation,S4_aggregated_context,2,2,512,1.17421875,2.0,1.3109375,0.9980763024417684,0.00015314386532452317
av_aggregation,S4_aggregated_context,2,3,512,1.1375,2.0,1.261328125,0.9982062825001776,0.00030355136772826087
av_aggregation,S4_aggregated_context,2,4,512,1.00234375,1.0,1.010546875,0.9993927230359987,0.0008206518318047528
av_aggregation,S4_aggregated_context,2,5,512,1.019921875,1.0,1.0453125,0.9990332024404779,0.0008002972464829838
av_aggregation,S4_aggregated_context,4,0,512,1.025390625,1.0,1.11328125,0.9999579814029858,0.0004072261617551476
av_aggregation,S4_aggregated_context,4,1,512,1.03125,1.0,1.0609375,0.9999977809609846,6.707710997631012e-05
av_aggregation,S4_aggregated_context,4,2,512,1.175,2.0,1.31015625,0.9999876119429245,4.894661623318086e-05
av_aggregation,S4_aggregated_context,4,3,512,1.137890625,2.0,1.260546875,0.9999830650398508,7.713629230323704e-05
av_aggregation,S4_aggregated_context,4,4,512,1.00234375,1.0,1.010546875,0.9999829570762813,0.00034875631715536315
av_aggregation,S4_aggregated_context,4,5,512,1.019921875,1.0,1.0453125,0.9999802699079737,0.0004544282814002543
av_aggregation,S4_aggregated_context,8,0,512,1.025390625,1.0,1.11328125,0.9999996844446286,0.0003945807283251668
av_aggregation,S4_aggregated_context,8,1,512,1.03125,1.0,1.0609375,0.9999999532010406,6.291990158828753e-05
av_aggregation,S4_aggregated_context,8,2,512,1.175,2.0,1.31015625,0.9999988921219483,4.64663642754104e-05
av_aggregation,S4_aggregated_context,8,3,512,1.137890625,2.0,1.260546875,0.9999998215818777,6.953075619104964e-05
av_aggregation,S4_aggregated_context,8,4,512,1.00234375,1.0,1.010546875,0.9999998881481588,0.0003225407214337395
av_aggregation,S4_aggregated_context,8,5,512,1.019921875,1.0,1.0453125,0.9999999163206666,0.00044038471654523904
final_readout,S7_final_representation,0,-1,512,1.02578125,1.0,1.13359375,0.0,0.046549376488837876
final_readout,S7_final_representation,1,-1,512,1.02578125,1.0,1.13359375,0.9725025729974732,0.006951722915709979
final_readout,S7_final_representation,2,-1,512,1.02578125,1.0,1.13359375,0.9943567543756217,0.0030873655720370153
final_readout,S7_final_representation,4,-1,512,1.02578125,1.0,1.13359375,0.9997644354356453,0.0007782348092035818
final_readout,S7_final_representation,8,-1,512,1.02578125,1.0,1.13359375,0.9999889543745667,0.0005303104407630599
layer_hidden,S6_post_block_residual,0,0,512,1.050390625,1.0,1.208203125,0.0,0.055509455559877095
layer_hidden,S6_post_block_residual,0,1,512,1.066015625,1.0,1.128515625,0.0,0.046350741181595365
layer_hidden,S6_post_block_residual,0,2,512,1.137890625,2.0,1.271484375,0.0,0.02550304821179452
layer_hidden,S6_post_block_residual,0,3,512,1.139453125,2.0,1.26328125,0.0,0.027706381509415224
layer_hidden,S6_post_block_residual,0,4,512,1.0078125,1.0,1.022265625,0.0,0.053759053686007974
layer_hidden,S6_post_block_residual,0,5,512,1.019140625,1.0,1.091015625,0.0,0.04017567900500581
layer_hidden,S6_post_block_residual,1,0,512,1.050390625,1.0,1.208203125,0.9687573522794992,0.006837766020498748
layer_hidden,S6_post_block_residual,1,1,512,1.07265625,1.0,1.145703125,0.9727116412017495,0.004894151901999067
layer_hidden,S6_post_block_residual,1,2,512,1.16015625,2.0,1.3171875,0.946805153018795,0.003657544489851716
layer_hidden,S6_post_block_residual,1,3,512,1.173828125,2.0,1.319921875,0.9423509598709643,0.003889391815050658
layer_hidden,S6_post_block_residual,1,4,512,1.004296875,1.0,1.012109375,0.9920279328245669,0.0035284374581806333
layer_hidden,S6_post_block_residual,1,5,512,1.02265625,1.0,1.091796875,0.9765408174833283,0.004545436502803568
layer_hidden,S6_post_block_residual,2,0,512,1.050390625,1.0,1.208203125,0.994934121449478,0.0030451249464704235
layer_hidden,S6_post_block_residual,2,1,512,1.06953125,1.0,1.139453125,0.9986031686188653,0.0013431848854793317
layer_hidden,S6_post_block_residual,2,2,512,1.145703125,2.0,1.29375,0.9968646103283391,0.0009739802257456631
layer_hidden,S6_post_block_residual,2,3,512,1.155859375,2.0,1.284375,0.9959448174573481,0.0011082231190073343
layer_hidden,S6_post_block_residual,2,4,512,1.003125,1.0,1.009765625,0.9988295940915123,0.001369221899119566
layer_hidden,S6_post_block_residual,2,5,512,1.01796875,1.0,1.073828125,0.9968219491187483,0.001892179887192924
layer_hidden,S6_post_block_residual,4,0,512,1.050390625,1.0,1.208203125,0.9998605357948691,0.0009909098155134188
layer_hidden,S6_post_block_residual,4,1,512,1.065625,1.0,1.134765625,0.9999555429676548,0.0003199944401558241
layer_hidden,S6_post_block_residual,4,2,512,1.121484375,2.0,1.25390625,0.9999081221641972,0.00020034877663022144
layer_hidden,S6_post_block_residual,4,3,512,1.134375,2.0,1.260546875,0.9998964617028833,0.00023257287866584875
layer_hidden,S6_post_block_residual,4,4,512,1.002734375,1.0,1.008984375,0.9999396785860881,0.0004436236301970098
layer_hidden,S6_post_block_residual,4,5,512,1.01640625,1.0,1.06640625,0.9999122744658961,0.0006943410218340773
layer_hidden,S6_post_block_residual,8,0,512,1.050390625,1.0,1.208203125,0.9999931152909994,0.0009386537076380818
layer_hidden,S6_post_block_residual,8,1,512,1.065625,1.0,1.134765625,0.9999976636143402,0.00021926673549188536
layer_hidden,S6_post_block_residual,8,2,512,1.121484375,2.0,1.253515625,0.9999970270553604,0.000124551666692696
layer_hidden,S6_post_block_residual,8,3,512,1.134375,2.0,1.26015625,0.9999961403664201,0.00014843707644445202
layer_hidden,S6_post_block_residual,8,4,512,1.002734375,1.0,1.008984375,0.9999934761086479,0.0003647653265943518
layer_hidden,S6_post_block_residual,8,5,512,1.01640625,1.0,1.06640625,0.9999949855497107,0.000599578917563548
u_gated_update,S5_transformed_update,0,0,512,1.050390625,1.0,1.208203125,0.0,0.05550945554423379
u_gated_update,S5_transformed_update,0,1,512,1.066015625,1.0,1.128515625,0.0,0.04635071491538838
u_gated_update,S5_transformed_update,0,2,512,1.137890625,2.0,1.271484375,0.0,0.025503036676673217
u_gated_update,S5_transformed_update,0,3,512,1.139453125,2.0,1.26328125,0.0,0.027706354327892768
u_gated_update,S5_transformed_update,0,4,512,1.00703125,1.0,1.021875,0.0,0.05375766191937146
u_gated_update,S5_transformed_update,0,5,512,1.019140625,1.0,1.091015625,0.0,0.04017555744849233
u_gated_update,S5_transformed_update,1,0,512,1.050390625,1.0,1.208203125,0.9687573477393017,0.006837766879971241
u_gated_update,S5_transformed_update,1,1,512,1.07265625,1.0,1.145703125,0.9727131378371269,0.004893934445749437
u_gated_update,S5_transformed_update,1,2,512,1.16015625,2.0,1.3171875,0.9468058059690521,0.0036575111936826945
u_gated_update,S5_transformed_update,1,3,512,1.173828125,2.0,1.319921875,0.942352808220312,0.0038892227195219675
u_gated_update,S5_transformed_update,1,4,512,1.003125,1.0,1.01171875,0.9921775632770732,0.0035170626500075743
u_gated_update,S5_transformed_update,1,5,512,1.02265625,1.0,1.091796875,0.9765515999868513,0.004544387778241799
u_gated_update,S5_transformed_update,2,0,512,1.050390625,1.0,1.208203125,0.9949341215658933,0.0030451250849182544
u_gated_update,S5_transformed_update,2,1,512,1.06953125,1.0,1.139453125,0.9986045603873208,0.0013425256047980838
u_gated_update,S5_transformed_update,2,2,512,1.145703125,2.0,1.29375,0.9968652197625488,0.0009738067935302297
u_gated_update,S5_transformed_update,2,3,512,1.155859375,2.0,1.284375,0.9959466640138999,0.0011076849093569763
u_gated_update,S5_transformed_update,2,4,512,1.00234375,1.0,1.009375,0.998903396492824,0.001347375352270319
u_gated_update,S5_transformed_update,2,5,512,1.01796875,1.0,1.073828125,0.9968324731336906,0.001889103435087236
u_gated_update,S5_transformed_update,4,0,512,1.050390625,1.0,1.208203125,0.9998605359811336,0.0009909104285895864
u_gated_update,S5_transformed_update,4,1,512,1.065625,1.0,1.134765625,0.9999568512663245,0.00031728492729428127
u_gated_update,S5_transformed_update,4,2,512,1.121484375,2.0,1.25390625,0.9999086410040036,0.00019968215936216893
u_gated_update,S5_transformed_update,4,3,512,1.134375,2.0,1.260546875,0.9998978913063183,0.00023074353410947878
u_gated_update,S5_transformed_update,4,4,512,1.001953125,1.0,1.008203125,0.9999635316198692,0.0003997867486390305
u_gated_update,S5_transformed_update,4,5,512,1.01640625,1.0,1.06640625,0.9999195826007053,0.0006834426700855545
u_gated_update,S5_transformed_update,8,0,512,1.050390625,1.0,1.208203125,0.9999931155936792,0.0009386550640016367
u_gated_update,S5_transformed_update,8,1,512,1.065625,1.0,1.134765625,0.9999981107423082,0.00021582361851244514
u_gated_update,S5_transformed_update,8,2,512,1.121484375,2.0,1.253515625,0.999997168360278,0.00012374966767509933
u_gated_update,S5_transformed_update,8,3,512,1.134375,2.0,1.26015625,0.9999966158997268,0.00014628678962083085
u_gated_update,S5_transformed_update,8,4,512,1.001953125,1.0,1.008203125,0.9999988223891705,0.00031811467111850786
u_gated_update,S5_transformed_update,8,5,512,1.01640625,1.0,1.06640625,0.9999971285462379,0.0005864020786987111
