edge,current_version,arm,ridge,teacher_users,pilot_users,requests,positives,negatives,auc,parent_auc,reuse_auc,exact_auc,exact_minus_reuse_auc,delta_auc_pp,auc_recovery_pct_unclipped,auc_recovery_pct_clipped,delta_auc_vs_ridge_0p01_pp,recovery_delta_vs_ridge_0p01_pp,raw_scores_sha256
v0_to_v1,v1,shared,0.001,256,96,473,444,29,0.6808791550170861,0.683053743398571,0.6788598943771358,0.6846846846846847,0.005824790307548899,0.20192606399502822,34.666666666666615,34.666666666666615,0.0,0.0,0e4d321ffc95ae3fb99608f0e1409a3c7fd979adcf151cbb9c5bfabb84c4d3a2
v0_to_v1,v1,shared,0.01,256,96,473,444,29,0.6808791550170861,0.683053743398571,0.6788598943771358,0.6846846846846847,0.005824790307548899,0.20192606399502822,34.666666666666615,34.666666666666615,0.0,0.0,0e4d321ffc95ae3fb99608f0e1409a3c7fd979adcf151cbb9c5bfabb84c4d3a2
v0_to_v1,v1,shared,0.1,256,96,473,444,29,0.6818887853370612,0.683053743398571,0.6788598943771358,0.6846846846846847,0.005824790307548899,0.3028890959925423,51.99999999999992,51.99999999999992,0.10096303199751411,17.333333333333307,0e4d321ffc95ae3fb99608f0e1409a3c7fd979adcf151cbb9c5bfabb84c4d3a2
v0_to_v1,v1,personal,0.001,256,96,473,444,29,0.6822771046908978,0.683053743398571,0.6788598943771358,0.6846846846846847,0.005824790307548899,0.34172103137619647,58.6666666666657,58.6666666666657,0.10872941907423828,18.66666666666532,0e4d321ffc95ae3fb99608f0e1409a3c7fd979adcf151cbb9c5bfabb84c4d3a2
v0_to_v1,v1,personal,0.01,256,96,473,444,29,0.6811898105001554,0.683053743398571,0.6788598943771358,0.6846846846846847,0.005824790307548899,0.2329916123019582,40.000000000000384,40.000000000000384,0.0,0.0,0e4d321ffc95ae3fb99608f0e1409a3c7fd979adcf151cbb9c5bfabb84c4d3a2
v0_to_v1,v1,personal,0.1,256,96,473,444,29,0.6773066169617894,0.683053743398571,0.6788598943771358,0.6846846846846847,0.005824790307548899,-0.1553277415346388,-26.66666666666692,0.0,-0.388319353836597,-66.6666666666673,0e4d321ffc95ae3fb99608f0e1409a3c7fd979adcf151cbb9c5bfabb84c4d3a2
v1_to_v2,v2,shared,0.001,256,96,354,335,19,0.5398271798900236,0.5260015710919089,0.5385703063629222,0.5503534956794972,0.01178318931657496,0.12568735271013542,10.666666666666881,10.666666666666881,-0.0471327572662994,-3.9999999999999623,25b7bab82e985bd403011073aa49fe4ccb8b55c8bfc009af36f09c30fba22cc1
v1_to_v2,v2,shared,0.01,256,96,354,335,19,0.5402985074626866,0.5260015710919089,0.5385703063629222,0.5503534956794972,0.01178318931657496,0.17282010997643482,14.666666666666842,14.666666666666842,0.0,0.0,25b7bab82e985bd403011073aa49fe4ccb8b55c8bfc009af36f09c30fba22cc1
v1_to_v2,v2,shared,0.1,256,96,354,335,19,0.5424980361351139,0.5260015710919089,0.5385703063629222,0.5503534956794972,0.01178318931657496,0.39277297721916904,33.33333333333365,33.33333333333365,0.21995286724273422,18.666666666666806,25b7bab82e985bd403011073aa49fe4ccb8b55c8bfc009af36f09c30fba22cc1
v1_to_v2,v2,personal,0.001,256,96,354,335,19,0.5545954438334643,0.5260015710919089,0.5385703063629222,0.5503534956794972,0.01178318931657496,1.6025137470542017,136.0000000000006,100.0,-0.015710919088762765,-1.3333333333330066,25b7bab82e985bd403011073aa49fe4ccb8b55c8bfc009af36f09c30fba22cc1
v1_to_v2,v2,personal,0.01,256,96,354,335,19,0.5547525530243519,0.5260015710919089,0.5385703063629222,0.5503534956794972,0.01178318931657496,1.6182246661429645,137.3333333333336,100.0,0.0,0.0,25b7bab82e985bd403011073aa49fe4ccb8b55c8bfc009af36f09c30fba22cc1
v1_to_v2,v2,personal,0.1,256,96,354,335,19,0.5534956794972505,0.5260015710919089,0.5385703063629222,0.5503534956794972,0.01178318931657496,1.492537313432829,126.66666666666673,100.0,-0.12568735271013542,-10.666666666666881,25b7bab82e985bd403011073aa49fe4ccb8b55c8bfc009af36f09c30fba22cc1
v2_to_v3,v3,shared,0.001,256,96,456,428,28,0.6295894526034713,0.6285046728971962,0.6330106809078772,0.6465287049399199,0.01351802403204272,-0.3421228304405832,-25.308641975308337,0.0,-0.03337783711615527,-2.4691358024691663,4edad59819673b7ca42d9c46459484791828a1a37772b2fb206f5ca080638bda
v2_to_v3,v3,shared,0.01,256,96,456,428,28,0.6299232309746329,0.6285046728971962,0.6330106809078772,0.6465287049399199,0.01351802403204272,-0.30874499332442795,-22.839506172839172,0.0,0.0,0.0,4edad59819673b7ca42d9c46459484791828a1a37772b2fb206f5ca080638bda
v2_to_v3,v3,shared,0.1,256,96,456,428,28,0.6303404539385847,0.6285046728971962,0.6330106809078772,0.6465287049399199,0.01351802403204272,-0.2670226969292422,-19.75308641975333,0.0,0.041722296395185765,3.086419753085842,4edad59819673b7ca42d9c46459484791828a1a37772b2fb206f5ca080638bda
v2_to_v3,v3,personal,0.001,256,96,456,428,28,0.6507009345794392,0.6285046728971962,0.6330106809078772,0.6465287049399199,0.01351802403204272,1.7690253671562073,130.86419753086417,100.0,0.15020026702269318,11.111111111110837,4edad59819673b7ca42d9c46459484791828a1a37772b2fb206f5ca080638bda
v2_to_v3,v3,personal,0.01,256,96,456,428,28,0.6491989319092123,0.6285046728971962,0.6330106809078772,0.6465287049399199,0.01351802403204272,1.618825100133514,119.75308641975333,100.0,0.0,0.0,4edad59819673b7ca42d9c46459484791828a1a37772b2fb206f5ca080638bda
v2_to_v3,v3,personal,0.1,256,96,456,428,28,0.6480307076101469,0.6285046728971962,0.6330106809078772,0.6465287049399199,0.01351802403204272,1.5020026702269762,111.11111111111165,100.0,-0.1168224299065379,-8.64197530864167,4edad59819673b7ca42d9c46459484791828a1a37772b2fb206f5ca080638bda
v3_to_v4,v4,shared,0.001,256,96,484,453,31,0.4683472192551449,0.44926297799615467,0.46806237983336896,0.52175461083814,0.05369223100477105,0.02848394217759287,0.530503978779757,0.530503978779757,0.014241971088796435,0.2652519893898785,a7df2f8a73eaae8be12340309992cb86d4ede7aa7c0125aed480b3e637e27d86
v3_to_v4,v4,shared,0.01,256,96,484,453,31,0.4682047995442569,0.44926297799615467,0.46806237983336896,0.52175461083814,0.05369223100477105,0.014241971088796435,0.2652519893898785,0.2652519893898785,0.0,0.0,a7df2f8a73eaae8be12340309992cb86d4ede7aa7c0125aed480b3e637e27d86
v3_to_v4,v4,shared,0.1,256,96,484,453,31,0.467563910845261,0.44926297799615467,0.46806237983336896,0.52175461083814,0.05369223100477105,-0.04984689881079585,-0.9283819628647297,0.0,-0.06408886989959228,-1.1936339522546082,a7df2f8a73eaae8be12340309992cb86d4ede7aa7c0125aed480b3e637e27d86
v3_to_v4,v4,personal,0.001,256,96,484,453,31,0.48956775617745496,0.44926297799615467,0.46806237983336896,0.52175461083814,0.05369223100477105,2.1505376344086002,40.05305039787795,40.05305039787795,-0.1851456241543814,-3.448275862068937,a7df2f8a73eaae8be12340309992cb86d4ede7aa7c0125aed480b3e637e27d86
v3_to_v4,v4,personal,0.01,256,96,484,453,31,0.4914192124189988,0.44926297799615467,0.46806237983336896,0.52175461083814,0.05369223100477105,2.3356832585629816,43.50132625994689,43.50132625994689,0.0,0.0,a7df2f8a73eaae8be12340309992cb86d4ede7aa7c0125aed480b3e637e27d86
v3_to_v4,v4,personal,0.1,256,96,484,453,31,0.49191768140710673,0.44926297799615467,0.46806237983336896,0.52175461083814,0.05369223100477105,2.3855301573737773,44.42970822281162,44.42970822281162,0.04984689881079585,0.9283819628647297,a7df2f8a73eaae8be12340309992cb86d4ede7aa7c0125aed480b3e637e27d86
v4_to_v5,v5,shared,0.001,256,96,375,358,17,0.7891883010187315,0.7767006243838317,0.7803154781465659,0.7913243509694381,0.011008872822872218,0.887282287216562,80.5970149253727,80.5970149253727,0.016431153466966997,1.4925373134322488,97147144269aa49c7573842be04e305db78587ad1c2aa6e46badc862d613a0dd
v4_to_v5,v5,shared,0.01,256,96,375,358,17,0.7890239894840618,0.7767006243838317,0.7803154781465659,0.7913243509694381,0.011008872822872218,0.870851133749595,79.10447761194045,79.10447761194045,0.0,0.0,97147144269aa49c7573842be04e305db78587ad1c2aa6e46badc862d613a0dd
v4_to_v5,v5,shared,0.1,256,96,375,358,17,0.7893526125534013,0.7767006243838317,0.7803154781465659,0.7913243509694381,0.011008872822872218,0.9037134406835401,82.08955223880595,82.08955223880595,0.032862306933945096,2.985074626865506,97147144269aa49c7573842be04e305db78587ad1c2aa6e46badc862d613a0dd
v4_to_v5,v5,personal,0.001,256,96,375,358,17,0.7850805126519882,0.7767006243838317,0.7803154781465659,0.7913243509694381,0.011008872822872218,0.47650345054223164,43.28358208955236,43.28358208955236,-0.21360499507064867,-19.402985074626294,97147144269aa49c7573842be04e305db78587ad1c2aa6e46badc862d613a0dd
v4_to_v5,v5,personal,0.01,256,96,375,358,17,0.7872165626026947,0.7767006243838317,0.7803154781465659,0.7913243509694381,0.011008872822872218,0.6901084456128803,62.686567164178655,62.686567164178655,0.0,0.0,97147144269aa49c7573842be04e305db78587ad1c2aa6e46badc862d613a0dd
v4_to_v5,v5,personal,0.1,256,96,375,358,17,0.7865593164640158,0.7767006243838317,0.7803154781465659,0.7913243509694381,0.011008872822872218,0.6243838317449901,56.71641791044764,56.71641791044764,-0.06572461386789019,-5.970149253731012,97147144269aa49c7573842be04e305db78587ad1c2aa6e46badc862d613a0dd
