edge,stage,presentation,layer,users,candidate_mean_energy_fraction,candidate_centered_energy_fraction
v0_to_v1,av_aggregation,S4_aggregated_context,0,32,0.9990531336516142,0.0009468469995681517
v0_to_v1,av_aggregation,S4_aggregated_context,1,32,0.9993715304881334,0.0006284664735005663
v0_to_v1,av_aggregation,S4_aggregated_context,2,32,0.9997988436371088,0.00020115777104834365
v0_to_v1,av_aggregation,S4_aggregated_context,3,32,0.999868381768465,0.00013160535146994334
v0_to_v1,av_aggregation,S4_aggregated_context,4,32,0.9995603132992983,0.0004396933104544587
v0_to_v1,av_aggregation,S4_aggregated_context,5,32,0.9993997029960155,0.0006002796321809001
v1_to_v2,av_aggregation,S4_aggregated_context,0,32,0.9987979456782341,0.001202024735903251
v1_to_v2,av_aggregation,S4_aggregated_context,1,32,0.9960502702742815,0.003949731416469149
v1_to_v2,av_aggregation,S4_aggregated_context,2,32,0.9993598256260157,0.0006401781972122933
v1_to_v2,av_aggregation,S4_aggregated_context,3,32,0.9994290806353092,0.0005709091549306322
v1_to_v2,av_aggregation,S4_aggregated_context,4,32,0.9989186134189367,0.001081388424609031
v1_to_v2,av_aggregation,S4_aggregated_context,5,32,0.9992150720208883,0.000784940507628562
v2_to_v3,av_aggregation,S4_aggregated_context,0,32,0.9987358618527651,0.0012641173461815924
v2_to_v3,av_aggregation,S4_aggregated_context,1,32,0.9995581284165382,0.0004418762700879597
v2_to_v3,av_aggregation,S4_aggregated_context,2,32,0.9999722018837929,2.7784141751752145e-05
v2_to_v3,av_aggregation,S4_aggregated_context,3,32,0.9999060649424791,9.393683272662656e-05
v2_to_v3,av_aggregation,S4_aggregated_context,4,32,0.998588839545846,0.00141117306338856
v2_to_v3,av_aggregation,S4_aggregated_context,5,32,0.9996189642697573,0.0003810239736594667
v3_to_v4,av_aggregation,S4_aggregated_context,0,32,0.9984950181096792,0.001504979654782801
v3_to_v4,av_aggregation,S4_aggregated_context,1,32,0.9990978334099054,0.0009021483942888153
v3_to_v4,av_aggregation,S4_aggregated_context,2,32,0.9998878501355648,0.00011215496124350466
v3_to_v4,av_aggregation,S4_aggregated_context,3,32,0.9997149351984262,0.0002850738022175392
v3_to_v4,av_aggregation,S4_aggregated_context,4,32,0.9986541904509068,0.0013458189228003903
v3_to_v4,av_aggregation,S4_aggregated_context,5,32,0.9991084709763527,0.0008915350649658649
v4_to_v5,av_aggregation,S4_aggregated_context,0,32,0.9988572672009468,0.0011427535894199536
v4_to_v5,av_aggregation,S4_aggregated_context,1,32,0.9990471731871367,0.0009528167521466457
v4_to_v5,av_aggregation,S4_aggregated_context,2,32,0.9997894931584597,0.0002104935945439479
v4_to_v5,av_aggregation,S4_aggregated_context,3,32,0.9997653011232615,0.00023469780614959745
v4_to_v5,av_aggregation,S4_aggregated_context,4,32,0.9979772921651602,0.002022702826252498
v4_to_v5,av_aggregation,S4_aggregated_context,5,32,0.9992369562387466,0.0007630295633589412
v0_to_v1,final_readout,S7_final_representation,-1,32,0.998350540176034,0.0016494670380780008
v1_to_v2,final_readout,S7_final_representation,-1,32,0.997436985373497,0.0025630415093473857
v2_to_v3,final_readout,S7_final_representation,-1,32,0.9976090807467699,0.0023908936591396923
v3_to_v4,final_readout,S7_final_representation,-1,32,0.9982558749616146,0.001744117957969138
v4_to_v5,final_readout,S7_final_representation,-1,32,0.9966059196740389,0.0033940913817787077
v0_to_v1,kv_prefix_contribution,S3_positionwise_response_summed_for_injection,0,32,0.9981926418840885,0.0018073764692871919
v0_to_v1,kv_prefix_contribution,S3_positionwise_response_summed_for_injection,1,32,0.999328525736928,0.0006714797793279104
v0_to_v1,kv_prefix_contribution,S3_positionwise_response_summed_for_injection,2,32,0.999801829457283,0.00019816124194349527
v0_to_v1,kv_prefix_contribution,S3_positionwise_response_summed_for_injection,3,32,0.9998494870960712,0.00015050661002646848
v0_to_v1,kv_prefix_contribution,S3_positionwise_response_summed_for_injection,4,32,0.9995738454163074,0.0004261573074018088
v0_to_v1,kv_prefix_contribution,S3_positionwise_response_summed_for_injection,5,32,0.9994524400681257,0.0005475587595356046
v1_to_v2,kv_prefix_contribution,S3_positionwise_response_summed_for_injection,0,32,0.998427415266633,0.0015725669366020156
v1_to_v2,kv_prefix_contribution,S3_positionwise_response_summed_for_injection,1,32,0.9972128700464964,0.0027871195752027234
v1_to_v2,kv_prefix_contribution,S3_positionwise_response_summed_for_injection,2,32,0.9993971213698387,0.0006028672477498276
v1_to_v2,kv_prefix_contribution,S3_positionwise_response_summed_for_injection,3,32,0.9994681794196367,0.0005318121717436952
v1_to_v2,kv_prefix_contribution,S3_positionwise_response_summed_for_injection,4,32,0.9990923926234245,0.0009075967882381519
v1_to_v2,kv_prefix_contribution,S3_positionwise_response_summed_for_injection,5,32,0.999329088255763,0.0006709023084567889
v2_to_v3,kv_prefix_contribution,S3_positionwise_response_summed_for_injection,0,32,0.9986563585698605,0.0013436449644359527
v2_to_v3,kv_prefix_contribution,S3_positionwise_response_summed_for_injection,1,32,0.9994428288191557,0.0005571631406837696
v2_to_v3,kv_prefix_contribution,S3_positionwise_response_summed_for_injection,2,32,0.9999737162142992,2.6290076659662986e-05
v2_to_v3,kv_prefix_contribution,S3_positionwise_response_summed_for_injection,3,32,0.9999125860631466,8.740330574141808e-05
v2_to_v3,kv_prefix_contribution,S3_positionwise_response_summed_for_injection,4,32,0.9988282769918442,0.0011717237318862317
v2_to_v3,kv_prefix_contribution,S3_positionwise_response_summed_for_injection,5,32,0.9995920602232218,0.0004079454697603069
v3_to_v4,kv_prefix_contribution,S3_positionwise_response_summed_for_injection,0,32,0.99788529984653,0.002114706020165613
v3_to_v4,kv_prefix_contribution,S3_positionwise_response_summed_for_injection,1,32,0.9991086423397064,0.0008913610628269453
v3_to_v4,kv_prefix_contribution,S3_positionwise_response_summed_for_injection,2,32,0.9999233428388834,7.667462764970878e-05
v3_to_v4,kv_prefix_contribution,S3_positionwise_response_summed_for_injection,3,32,0.9998435713350773,0.0001564198209962342
v3_to_v4,kv_prefix_contribution,S3_positionwise_response_summed_for_injection,4,32,0.9989858046174049,0.0010141988693703752
v3_to_v4,kv_prefix_contribution,S3_positionwise_response_summed_for_injection,5,32,0.9995469823479652,0.0004530135335016894
v4_to_v5,kv_prefix_contribution,S3_positionwise_response_summed_for_injection,0,32,0.9970890432596207,0.002910955954575911
v4_to_v5,kv_prefix_contribution,S3_positionwise_response_summed_for_injection,1,32,0.9989903625100851,0.00100963635509288
v4_to_v5,kv_prefix_contribution,S3_positionwise_response_summed_for_injection,2,32,0.9997970443218946,0.00020295649865431642
v4_to_v5,kv_prefix_contribution,S3_positionwise_response_summed_for_injection,3,32,0.9997414723038673,0.00025851051316294615
v4_to_v5,kv_prefix_contribution,S3_positionwise_response_summed_for_injection,4,32,0.9979607965797186,0.0020392097840158385
v4_to_v5,kv_prefix_contribution,S3_positionwise_response_summed_for_injection,5,32,0.9991148021072149,0.0008852138189467951
v0_to_v1,layer_hidden,S6_post_block_residual,0,32,0.9978697076439857,0.002130290415152558
v0_to_v1,layer_hidden,S6_post_block_residual,1,32,0.996499665081501,0.0035003439252250246
v0_to_v1,layer_hidden,S6_post_block_residual,2,32,0.9980197921395302,0.001980188896141044
v0_to_v1,layer_hidden,S6_post_block_residual,3,32,0.9981121644377708,0.00188782390932829
v0_to_v1,layer_hidden,S6_post_block_residual,4,32,0.9977547749876976,0.0022452058610724634
v0_to_v1,layer_hidden,S6_post_block_residual,5,32,0.9971415586769581,0.002858471431864018
v1_to_v2,layer_hidden,S6_post_block_residual,0,32,0.9962038584053516,0.003796144897933118
v1_to_v2,layer_hidden,S6_post_block_residual,1,32,0.9896051660180092,0.010394826393167023
v1_to_v2,layer_hidden,S6_post_block_residual,2,32,0.9972773548215628,0.0027226378920204297
v1_to_v2,layer_hidden,S6_post_block_residual,3,32,0.9969237893819809,0.003076201247949939
v1_to_v2,layer_hidden,S6_post_block_residual,4,32,0.9944274183362722,0.005572604757617228
v1_to_v2,layer_hidden,S6_post_block_residual,5,32,0.9961976818740368,0.0038023276911189896
v2_to_v3,layer_hidden,S6_post_block_residual,0,32,0.9905314240604639,0.00946859512168885
v2_to_v3,layer_hidden,S6_post_block_residual,1,32,0.998405871912837,0.001594125749761588
v2_to_v3,layer_hidden,S6_post_block_residual,2,32,0.9996632430702448,0.00033675988902359677
v2_to_v3,layer_hidden,S6_post_block_residual,3,32,0.9995220340788364,0.00047795861655686167
v2_to_v3,layer_hidden,S6_post_block_residual,4,32,0.9957113731652498,0.004288629064831184
v2_to_v3,layer_hidden,S6_post_block_residual,5,32,0.9994614534080029,0.0005385534477682086
v3_to_v4,layer_hidden,S6_post_block_residual,0,32,0.9974257778376341,0.002574231232301827
v3_to_v4,layer_hidden,S6_post_block_residual,1,32,0.997095350176096,0.0029046541885691113
v3_to_v4,layer_hidden,S6_post_block_residual,2,32,0.9991091936826706,0.0008907878032005101
v3_to_v4,layer_hidden,S6_post_block_residual,3,32,0.9989146590232849,0.0010853479734578286
v3_to_v4,layer_hidden,S6_post_block_residual,4,32,0.998270882293582,0.001729109527559558
v3_to_v4,layer_hidden,S6_post_block_residual,5,32,0.9971271511167288,0.002872850995800036
v4_to_v5,layer_hidden,S6_post_block_residual,0,32,0.9952650088816881,0.004735003701171081
v4_to_v5,layer_hidden,S6_post_block_residual,1,32,0.9967884216457605,0.0032115879039338324
v4_to_v5,layer_hidden,S6_post_block_residual,2,32,0.9988193605095148,0.0011806625789176906
v4_to_v5,layer_hidden,S6_post_block_residual,3,32,0.9986777901649475,0.0013222225052231806
v4_to_v5,layer_hidden,S6_post_block_residual,4,32,0.9961406774818897,0.003859326032397803
v4_to_v5,layer_hidden,S6_post_block_residual,5,32,0.9975296054035425,0.0024704027564439457
v0_to_v1,u_gated_update,S5_transformed_update,0,32,0.9978697001934052,0.002130290446075378
v0_to_v1,u_gated_update,S5_transformed_update,1,32,0.996499689295888,0.0035003297080038465
v0_to_v1,u_gated_update,S5_transformed_update,2,32,0.9980198126286268,0.001980185608317697
v0_to_v1,u_gated_update,S5_transformed_update,3,32,0.9981121774762869,0.0018878155271977448
v0_to_v1,u_gated_update,S5_transformed_update,4,32,0.9977548848837614,0.0022451158374678926
v0_to_v1,u_gated_update,S5_transformed_update,5,32,0.9971415437757969,0.0028584672518263687
v1_to_v2,u_gated_update,S5_transformed_update,0,32,0.9962038546800613,0.0037961450580041856
v1_to_v2,u_gated_update,S5_transformed_update,1,32,0.9896051865071058,0.01039481676161813
v1_to_v2,u_gated_update,S5_transformed_update,2,32,0.9972773492336273,0.0027226396234709682
v1_to_v2,u_gated_update,S5_transformed_update,3,32,0.9969238042831421,0.0030761924379021366
v1_to_v2,u_gated_update,S5_transformed_update,4,32,0.9944271109998226,0.005572875040343206
v1_to_v2,u_gated_update,S5_transformed_update,5,32,0.9961977489292622,0.0038022604712750763
v2_to_v3,u_gated_update,S5_transformed_update,0,32,0.990531412884593,0.009468595646467293
v2_to_v3,u_gated_update,S5_transformed_update,1,32,0.9984058663249016,0.0015941312522045337
v2_to_v3,u_gated_update,S5_transformed_update,2,32,0.9996632393449545,0.00033675816746381315
v2_to_v3,u_gated_update,S5_transformed_update,3,32,0.9995220508426428,0.0004779550832836321
v2_to_v3,u_gated_update,S5_transformed_update,4,32,0.9957114513963461,0.004288570660719415
v2_to_v3,u_gated_update,S5_transformed_update,5,32,0.9994614496827126,0.00053856136878494
v3_to_v4,u_gated_update,S5_transformed_update,0,32,0.997425764799118,0.0025742312277543533
v3_to_v4,u_gated_update,S5_transformed_update,1,32,0.9970953613519669,0.0029046494455542415
v3_to_v4,u_gated_update,S5_transformed_update,2,32,0.9991092011332512,0.0008907901240036153
v3_to_v4,u_gated_update,S5_transformed_update,3,32,0.9989146664738655,0.001085349534832858
v3_to_v4,u_gated_update,S5_transformed_update,4,32,0.9982709158211946,0.0017291050737640035
v3_to_v4,u_gated_update,S5_transformed_update,5,32,0.997127141803503,0.0028728442994179204
v4_to_v5,u_gated_update,S5_transformed_update,0,32,0.9952650032937527,0.004735004066787951
v4_to_v5,u_gated_update,S5_transformed_update,1,32,0.9967884179204702,0.003211586117686238
v4_to_v5,u_gated_update,S5_transformed_update,2,32,0.9988193344324827,0.0011806639136011654
v4_to_v5,u_gated_update,S5_transformed_update,3,32,0.9986777696758509,0.0013222228494669253
v4_to_v5,u_gated_update,S5_transformed_update,4,32,0.996140630915761,0.0038593561648667674
v4_to_v5,u_gated_update,S5_transformed_update,5,32,0.9975295886397362,0.0024704062775526836
