edge,path,family,budget,auc,auc_gap_recovery_percent,compute_percent,log_loss,brier
v4_to_v5,droid_1,droid,1,0.669256737286579,66.84222463160782,8.632458728440573,0.30588028065605743,0.08529312371229386
v4_to_v5,droid_2,droid,2,0.6692550969613177,66.83705765664014,27.48735252600562,0.3059513191211059,0.08529838873036484
v4_to_v5,droid_3,droid,3,0.6768079223232052,90.62822914026674,46.34224632357068,0.305611443637395,0.08521946049119236
v4_to_v5,droid_4,droid,4,0.6790637278916817,97.73394846275507,65.19714012113572,0.30536046746377965,0.08518243974101333
v4_to_v5,droid_5,droid,5,0.6792543127656562,98.33428505226406,84.05203391870077,0.3053270343848913,0.08517729610966521
v4_to_v5,droid_6,droid,6,0.6797831162384735,100.0,102.90692771626581,0.3052571629204139,0.08516563610915283
v4_to_v5,tail_32,tail,32,0.6487348883477334,2.199021079084423,4.611192426969433,0.30883354372111543,0.08592687687644246
v4_to_v5,tail_64,tail,64,0.6492217733863987,3.732694226904232,9.126501471553743,0.30876008949597206,0.08590924581594192
v4_to_v5,tail_128,tail,128,0.6511811385724212,9.904635309368084,17.869469413566986,0.3085466570742616,0.08586588588358324
v4_to_v5,tail_256,tail,256,0.6550776989581335,22.178682687794414,34.20480470897198,0.30810541679391734,0.08577251743495341
v4_to_v5,tail_512,tail,512,0.6628490659451574,46.658253681644815,62.27307294529597,0.30712577611384445,0.08555339483339795
v4_to_v5,tail_1024,tail,1024,0.6797831162384735,100.0,100.0,0.3052571629204139,0.08516563610915283
v4_to_v5,translate_1,translate,1,0.6635350958183871,48.81922703596855,27.074712460100436,0.30732170153368366,0.08560923667610283
v4_to_v5,translate_2,translate,2,0.6643293226141735,51.32101742434375,50.87573691548648,0.30723175091815874,0.08558924601634786
v4_to_v5,translate_3,translate,3,0.664355296285542,51.40283370368009,75.78437341353259,0.3072233288078647,0.08558552907372477
v4_to_v5,translate_4,translate,4,0.6643679314639789,51.44263413365354,101.80143141492766,0.30722714288812486,0.08558691216101585
v4_to_v5,shared_32,shared,32,0.6436393970908607,-13.851622286418028,0.3783513045341693,0.3112177545678858,0.08692121513240439
v4_to_v5,shared_64,shared,64,0.6435915271916496,-14.002411021291048,0.7565360381430515,0.31160730525501384,0.08711603285376068
v4_to_v5,shared_128,shared,128,0.6448879784042566,-9.918628907787888,1.5129055053608158,0.3109893911076563,0.08687964295815806
v4_to_v5,shared_256,shared,256,0.6448235361008459,-10.121620214720691,3.0256444397963445,0.31145061527647383,0.08707518691634912
v4_to_v5,shared_512,shared,512,0.6451385364186506,-9.129378739615738,6.051122308667402,0.31128379717735505,0.0869980113414964
v4_to_v5,shared_1024,shared,1024,0.6452746989950843,-8.700470741566068,12.102078046409517,0.31108834877729863,0.08692444624495332
v4_to_v5,shared_2048,shared,2048,0.6452902386843297,-8.651521190381557,24.203989521893746,0.3109398503690966,0.0868552522975231
v4_to_v5,shared_4096,shared,4096,0.6453404922855147,-8.493223866376647,48.407812472862204,0.3108509187522643,0.08681924174234201
v4_to_v5,shared_7144,shared,7144,0.645382032354274,-8.362373906005251,84.42990834910823,0.3107828364968309,0.08678692626881891
v4_to_v5,personal_32,personal,32,0.6572691690557807,29.08174722275075,0.43557760230843057,0.30795676242769404,0.08572476134841772
v4_to_v5,personal_64,personal,64,0.6594917741738885,36.082886130598325,0.8167521408056087,0.30761892709021016,0.08565749723168552
v4_to_v5,personal_128,personal,128,0.6598049049215176,37.069238516187916,1.5791012177999646,0.3076274856963799,0.08566169129284888
v4_to_v5,personal_256,personal,256,0.6606349517915973,39.683861055345716,3.1037993717886767,0.3075740594579443,0.08565127449572368
v4_to_v5,personal_512,personal,512,0.6612005279292262,41.465408785189624,6.153195679766101,0.30755059344503416,0.08564996227432801
v4_to_v5,personal_1024,personal,1024,0.6607667008470092,40.098866595646896,12.251988295720949,0.30762194193726805,0.08566629729153684
v4_to_v5,personal_2048,personal,2048,0.6608458036965471,40.34803817952823,24.449573527630648,0.3076072309375259,0.08566462986649545
v4_to_v5,personal_4096,personal,4096,0.6605612217306356,39.451613593000175,48.84474399145004,0.3076289361238416,0.08566838974649184
v4_to_v5,personal_7144,personal,7144,0.6602766931810148,38.55535726617252,85.15161878330625,0.3076592879027826,0.08567414744353628
