scale,edge,panel_sha256,requests_sha256,users,requests,full_auc,reuse_auc,full_minus_reuse_flops,checked_measurements,checked_summaries,matching_uid_sets,anchors_and_cost_denominator_exact
medium,v0_to_v1,e0c001e5002534bb941c519c9e7115181de009ee1cd22fc563c2e4a36b73120c,b7b903a71ae75850da0a817e3ce8bd47230a2e071394c2e6777d572bff8148b3,3000,26014,0.6145597189000803,0.4955598610005248,113907755937620,26,8,True,True
medium,v1_to_v2,b155addb9a602a1cc89376a3c279a3374e13ac793a97730461529f714c75bf49,0cbc1d91ac06a8610c1a8e8214dd34aa1750dfac517cb3984993281087ffde13,3000,26001,0.508617648862477,0.42569749013868924,116650888472166,26,8,True,True
medium,v2_to_v3,5bf344b838c7d58c3442a6e97fd00d7e3eee6e6a0523024aef0ef10d7dccb8ce,0d90ab322a22f132d93ddd694ef46e4c32bc8018e056a33aeace12f7a8024701,3000,27313,0.5331602831794487,0.4502834568027969,124135347362584,26,8,True,True
medium,v3_to_v4,6c6c951cbd7e69e6afbd1976156e66605b8384425857f8ec016e0bfc57c8e152,943150b4f8db24fa7d4eb8153bb3b4f918ec9d851ccdb71c86a37be9cbb6986b,3000,24155,0.5817782652240544,0.38836767206435696,108321596366354,26,8,True,True
medium,v4_to_v5,65429ffc488a0963ccd8ef38de91a831e963660a1b540a8e039da5a1373c03fc,34859fa3ff5abcbcd850ba5fdec20dc430cfb34947403711eee578f4729d90bb,3000,29860,0.6171333577616815,0.5142100701032744,137530226820726,26,8,True,True
large,v0_to_v1,c6ced87c3ba747a08567962af549a7614ba6c7a36173e84b19aa5c61bced52a8,691547f9390951c04817d1ae67a65a635bcba41af017eac1641d3eb6b0a1dac6,3000,23450,0.6061777502579979,0.5246098309826854,376715785970692,27,8,True,True
large,v1_to_v2,2ac1006d52fc27c0cde5488f0a69dab70b6ead21124d1915ba63a4ee3ed6358c,c1c717d39cd7df6bba1ccd7642414d3c0b1ded861b24839aceafa8feb1c46f7c,3000,25975,0.5675619660024566,0.5019221708614954,420317607732668,27,8,True,True
large,v2_to_v3,f2851e41409caa006c4607de6f0cf6c9571b6c0f42a1510c7288ecf6ea6fe1b9,0e47efe8aafe33461a01d4a7584cbf6ef66501f97a008751421f43716be43f37,3000,27553,0.5783607748798526,0.46488376498844836,448477888605006,27,8,True,True
large,v3_to_v4,16887c0d4adc6ad4cadb7bbe816ca3a3742fb28382bb9fb0d14c7f110cf275c0,33ae5d23c83c6a4a96d6870e38be29c50757671239043bdf5252c7b7f2a2be60,3000,29546,0.6529125216887081,0.4811877452794301,477579914810856,27,8,True,True
large,v4_to_v5,0035e902225bd3d46c14f14ba4910820d9306379bf8ec2412b825d92d7232054,5b280e231264917d311a901449c58d29ca6a08279d883e93ad86d8b20b37d28d,3000,23880,0.5922757674796575,0.4231224986603927,384681323471496,27,8,True,True
max,v0_to_v1,c97456dd8e9b1e6857fd8ad105f7ad48074172c5c55a214fadc9369be45a2fda,a84af64517f67c16c59c2171b65d01717edc134ed6816d0921f0b4c7e3c8b37e,3000,24626,0.6289861407888325,0.6200819485824905,642010653515120,27,8,True,True
max,v1_to_v2,327aa3e14cff45c0058872b5b3bbe191173581645c0943c51592f8e685053689,adbf799c000d07a6684f5e60bed56f6307e9e1e709510f2c4df45b3f95d495dd,3000,26163,0.5849459661385288,0.5203521847560443,683413599571592,27,8,True,True
max,v2_to_v3,6cb5497ec5696d0c1f20808fffbac6d18ee55cfd7df76b2261618f5471433285,659f14368e69086303ba7c9888d51e435fb47783ef6d75042c0dbfe36ef912e9,3000,25140,0.6780067094713722,0.508056789621162,636546917153350,27,8,True,True
max,v3_to_v4,937b3482a5e0c87ca3b575341951ab1a4a55501079cb9f3f2b61e9eed7612248,fe718b0a6807efbec550d29dfcbef1184540587d1bedcee0116f0c43e2a03a29,3000,33512,0.6243367547661879,0.5648002233385889,893368083742950,27,8,True,True
max,v4_to_v5,f678d504243416c51761a2be176fbf5b6594c88498d965c85b09636496b9d2f2,fe699f1849ff89a6a7b96e5f6dd939fc6df4d2784de95f1c7f051830365e50f5,3000,27999,0.6489427448517199,0.5040783810568864,724862262117804,27,8,True,True
