method,budget,scope,edges,complete_scope,relative_flops_percent,recovery_percent,auc_delta_pp,positive_edges,minimum_edge_recovery_percent,maximum_edge_recovery_percent
deviation,fraction_0.03125,all,15,True,8.486009783349228,12.52121159651882,1.460347564801523,14,-7.63585809889305,37.980532998214514
deviation,fraction_0.03125,large,5,True,8.45717991479481,8.367878704415407,1.012984866511465,5,1.1062399237204668,15.394253228172142
deviation,fraction_0.03125,max,5,True,6.903472730801494,4.1492309817623445,0.5129550448337028,4,-7.63585809889305,14.540124982898702
deviation,fraction_0.03125,medium,5,True,10.097376704451381,25.046525103378706,2.855102783059401,5,7.7615847731298855,37.980532998214514
deviation,fraction_0.0625,all,15,True,13.123775661747777,20.01395106966253,2.388821834442256,14,-13.803313308885206,57.24803751347096
deviation,fraction_0.0625,large,5,True,13.002359778707932,14.876591093618472,1.8021330159907334,5,5.4008071235167,24.764450832456813
deviation,fraction_0.0625,max,5,True,11.384035463106711,5.5668950696711805,0.7735321990980837,4,-13.803313308885206,19.916392543762623
deviation,fraction_0.0625,medium,5,True,14.984931743428687,39.598367045697934,4.590800288237951,5,14.512751582273026,57.24803751347096
deviation,fraction_0.125,all,15,True,22.399515247869793,29.818538104729104,3.6139513272248167,14,-22.50227797630027,73.5001708028351
deviation,fraction_0.125,large,5,True,22.093448303107213,24.492019453690595,3.00259178440758,5,15.532105159527454,33.46037186482142
deviation,fraction_0.125,max,5,True,20.345593705116357,9.234492279180218,1.2926596974024673,4,-22.50227797630027,30.821094837042892
deviation,fraction_0.125,medium,5,True,24.759503735385813,55.7291025813165,6.546602499864403,5,25.515116103823807,73.5001708028351
deviation,fraction_0.25,all,15,True,40.9508535532513,45.4308018607112,5.326754458115905,14,-8.806544264086211,86.13722671498398
deviation,fraction_0.25,large,5,True,40.27506755882947,40.39016748331782,4.967865585974628,5,31.281767489028418,49.857454676767894
deviation,fraction_0.25,max,5,True,38.26844574281159,23.540764269723162,2.484709955414497,4,-8.806544264086211,50.77179982926679
deviation,fraction_0.25,medium,5,True,44.309047358112835,72.36147382909262,8.527687832958591,5,45.01977963889075,86.13722671498398
deviation,fraction_0.5,all,15,True,78.05352883972567,71.72067595396918,7.845218637238781,15,48.052225829583264,96.20590251260852
deviation,fraction_0.5,large,5,True,76.63826698075782,66.35430889534832,8.05803528147707,5,62.076926713758695,71.02339744012161
deviation,fraction_0.5,max,5,True,74.11428737684078,60.23078152672565,5.117344749059797,5,48.052225829583264,83.67169200330079
deviation,fraction_0.5,medium,5,True,83.40803216157843,88.57693743983359,10.360275881179476,5,72.75074074006481,96.20590251260852
history_conditioned,128,all,15,True,74.2219849887752,70.94600747989377,7.03368240492929,15,21.471038331455397,183.16086283830722
history_conditioned,128,large,5,True,80.3168463410403,67.9762009311769,7.963782445090996,5,60.1064922992282,90.81526438803539
history_conditioned,128,max,5,True,79.33392412928883,67.20994547988204,3.801521237133181,5,21.471038331455397,183.16086283830722
history_conditioned,128,medium,5,True,63.01518449599648,77.65187602862235,9.335743532563692,5,62.78010847055243,99.82907998243522
history_conditioned,256,all,15,True,78.43768916298015,71.69140675697456,7.044001742752437,15,20.488396575670063,198.44037613618508
history_conditioned,256,large,5,True,84.87366929553934,66.54507279647473,7.811495843737364,5,59.19095935567634,86.7076398818938
history_conditioned,256,max,5,True,83.65894373913117,69.57508932391681,3.8295642117557627,5,20.488396575670063,198.44037613618508
history_conditioned,256,medium,5,True,66.78045445426993,78.95405815053212,9.490945172764183,5,61.127377376779485,98.54406886466293
history_conditioned,64,all,15,True,72.11214542126996,69.36596482371904,6.8656344770029785,15,21.35827213988555,182.58474377608016
history_conditioned,64,large,5,True,78.04517639917394,65.37602257208069,7.755300387455191,5,52.17525969242089,89.50207260009054
history_conditioned,64,max,5,True,77.17126216600855,66.83673166853227,3.760695841519739,5,21.35827213988555,182.58474377608016
history_conditioned,64,medium,5,True,61.11999769862741,75.88514023054418,9.080907202034007,5,59.411684678373696,96.690186317935
layer,layers_1,all,15,True,18.56725618801379,39.00469050697745,4.477532964190225,15,3.7827295804267846,95.26218958429668
layer,layers_1,large,5,True,16.791665949995892,44.92505236458422,5.131954844205415,5,31.67068191877185,71.421357819256
layer,layers_1,max,5,True,17.331460299154465,9.298366150844446,0.7258622413346449,5,3.7827295804267846,17.411793997356583
layer,layers_1,medium,5,True,21.578642314891013,62.79065300550368,7.574781807030614,5,5.665458506832073,95.26218958429668
layer,layers_12,all,5,False,90.7913077133973,73.52845216893981,5.657106084741783,5,41.41298917822354,125.17581696282102
layer,layers_12,max,5,True,90.7913077133973,73.52845216893981,5.657106084741783,5,41.41298917822354,125.17581696282102
layer,layers_2,all,15,True,30.476833685167357,44.6236390663364,5.140688671115682,15,3.8135243475622467,95.80439769043004
layer,layers_2,large,5,True,27.546042170338197,48.8454582630883,5.603477442248941,5,35.69931638638772,75.25076128641157
layer,layers_2,max,5,True,24.009628245903812,9.351147148288906,0.7283365148288268,5,3.8135243475622467,17.526974544149592
layer,layers_2,medium,5,True,39.87483063926006,75.674311787632,9.090252056269279,5,56.17052755681587,95.80439769043004
layer,layers_3,all,10,False,48.045322958780396,76.73490112014139,8.977918122286043,10,48.725595449537295,98.13990695285754
layer,layers_3,large,5,True,38.300418390680505,59.200627138960854,6.966948074596591,5,48.725595449537295,75.69709894467375
layer,layers_3,medium,5,True,57.79022752688029,94.26917510132192,10.988888169975494,5,88.33745041313703,98.13990695285754
layer,layers_4,all,5,False,37.36596413940251,7.592513104900434,1.3782832122984257,4,-40.46822350463852,40.094270193146016
layer,layers_4,max,5,True,37.36596413940251,7.592513104900434,1.3782832122984257,4,-40.46822350463852,40.094270193146016
layer,layers_5,all,10,False,76.71509606674293,85.80152345396223,9.980059156713427,10,63.88075168033404,99.21928856821782
layer,layers_5,large,5,True,59.809170831365115,73.05906331972372,8.495326251639186,5,63.88075168033404,92.62207269725737
layer,layers_5,medium,5,True,93.62102130212074,98.54398358820075,11.464792061787668,5,97.35479850743265,99.21928856821782
layer,layers_8,all,10,False,78.07546770939597,54.38783915153903,6.855822500059209,9,-31.399125909406415,97.36147056967252
layer,layers_8,large,5,True,92.07229949239203,90.91368314006782,10.903474147462582,5,88.34393091912845,97.36147056967252
layer,layers_8,max,5,True,64.0786359263999,17.861995163010253,2.8081708526558358,4,-31.399125909406415,45.28838957534935
query,fraction_0.03125,all,15,True,4.650159488614571,7.584614295379859,1.0363163395732773,12,-25.994767279495164,27.320065103946035
query,fraction_0.03125,large,5,True,4.5564463265415185,3.5373085127013373,0.6106547888476899,3,-1.3544681821990345,15.00677551546846
query,fraction_0.03125,max,5,True,4.489731849379431,2.7815269388847397,0.6457467976532083,4,-25.994767279495164,15.465197237065075
query,fraction_0.03125,medium,5,True,4.904300289922765,16.4350074345535,1.852547432218934,5,3.602156844725394,27.320065103946035
query,fraction_0.0625,all,15,True,9.28792536701312,12.558551310457092,1.7161843367429057,13,-46.339949487021634,42.29178182333616
query,fraction_0.0625,large,5,True,9.10162619045464,7.2515325724131765,1.0559084028414623,4,-1.2932951057300208,22.564925222619426
query,fraction_0.0625,max,5,True,8.97029458168465,3.2842565848803935,1.011150993031107,4,-46.339949487021634,23.335426445983707
query,fraction_0.0625,medium,5,True,9.791855328900072,27.13986477407771,3.0814936143561478,5,6.127371928865446,42.29178182333616
query,fraction_0.125,all,15,True,18.563664953135138,23.979893528606606,3.0100926262140555,14,-43.512965609182146,58.2319780034327
query,fraction_0.125,large,5,True,18.19271471485392,18.8811511899489,2.4242790889352026,5,7.205603434243355,35.19682351113309
query,fraction_0.125,max,5,True,17.931852823694296,10.42288179176955,1.6770415518491055,4,-43.512965609182146,36.00285814730254
query,fraction_0.125,medium,5,True,19.566427320857198,42.63564760410137,4.928957237857858,5,9.981943885249331,58.2319780034327
query,fraction_0.25,all,15,True,37.115003258516644,50.064426982082004,5.630233416279625,15,18.249596895021,79.9122580212078
query,fraction_0.25,large,5,True,36.374333970576174,48.470608785218694,5.941403025322723,5,37.08740658990687,57.952359799780204
query,fraction_0.25,max,5,True,35.85470486138953,35.52369808026123,3.2292532423119757,5,18.249596895021,54.01561090104154
query,fraction_0.25,medium,5,True,39.115970943584216,66.19897408076609,7.720043981204174,5,24.69435293883506,79.9122580212078
query,fraction_0.5,all,15,True,74.21767854499102,74.21477837822194,8.473999885284522,15,12.05411289385586,98.41867635095929
query,fraction_0.5,large,5,True,72.73753339250453,77.36112182532783,9.411117501421842,5,72.44670755135026,80.47365393027597
query,fraction_0.5,max,5,True,71.7005464954187,56.13434851788121,5.608295987070817,5,12.05411289385586,76.60264746435405
query,fraction_0.5,medium,5,True,78.21495574704983,89.14886479145679,10.40258616736091,5,61.5544104571276,98.41867635095929
query_only,1024,all,15,True,11.333066177392647,15.275684612797853,2.608237399788953,11,-54.080125650522355,56.960821481820155
query_only,1024,large,5,True,11.556056369366908,22.168480185779064,3.213909098071901,3,-4.337655261990691,43.54642064100147
query_only,1024,max,5,True,11.357396456564214,-8.597636679962859,0.2956242814859089,3,-54.080125650522355,8.364642171200892
query_only,1024,medium,5,True,11.085745706246819,32.25621033257735,4.3151788198090495,5,17.338102268250232,56.960821481820155
query_only,128,all,15,True,1.4160487892251474,6.877189934312603,1.759220159951913,10,-69.18463736859567,47.36165159775583
query_only,128,large,5,True,1.4237795858291575,6.478786411233717,1.7613099751803674,3,-31.95923968401016,36.76802268863075
query_only,128,max,5,True,1.4268119052570472,-15.600283213503381,-0.10833711891581332,2,-69.18463736859567,4.727383937140959
query_only,128,medium,5,True,1.3975548765892374,29.753066605207472,3.624687623591185,5,13.34718013212899,47.36165159775583
query_only,256,all,15,True,2.8344644032104336,12.79378334490332,2.428029171976417,12,-84.25153954505706,49.44356680298967
query_only,256,large,5,True,2.8653546120320588,18.194501138683954,2.8086932302535983,4,-4.052118711630983,38.86742051203181
query_only,256,max,5,True,2.8575092807866516,-13.253784335602525,0.2752401172530283,3,-84.25153954505706,9.923711144779375
query_only,256,medium,5,True,2.78052931681259,33.44063323162853,4.200154168422626,5,16.00322328504087,49.44356680298967
query_only,512,all,15,True,5.672098278147728,15.419120048848434,2.617968219681313,10,-51.79032629589846,59.290788834642605
query_only,512,large,5,True,5.758473179061901,20.135993548280346,3.1630331490342645,3,-5.81299977550604,44.04963266071671
query_only,512,max,5,True,5.68681594288013,-9.011449482234735,0.13348438729720913,2,-51.79032629589846,8.520483933546048
query_only,512,medium,5,True,5.5710057125011545,35.13281608049969,4.557387122712465,5,13.74254360726841,59.290788834642605
tail,fraction_0.03125,all,15,True,4.643858012566532,0.1705009709584186,0.02085681896241698,14,-0.42751550756504136,0.4386238239347745
tail,fraction_0.03125,large,5,True,4.551025102186283,0.15672308536259075,0.019746172258173766,5,0.08319808530998624,0.25023694479195435
tail,fraction_0.03125,max,5,True,4.486824482356788,0.12533083166446957,0.01660729136231387,4,-0.42751550756504136,0.4386238239347745
tail,fraction_0.03125,medium,5,True,4.893724453156524,0.22944899584819548,0.0262169932667633,5,0.1747936858449587,0.2710971146837372
tail,fraction_0.0625,all,15,True,9.283270336595196,0.6801955723340186,0.06994534623497047,15,0.22193809957568456,0.9699802563493439
tail,fraction_0.0625,large,5,True,9.097670445582333,0.5396858694914708,0.06954102209038915,5,0.30255627496881116,0.8920469499984767
tail,fraction_0.0625,max,5,True,8.96874735009427,0.7006080826315906,0.04750277391924129,5,0.22193809957568456,0.9699802563493439
tail,fraction_0.0625,medium,5,True,9.783393214108987,0.8002927648789946,0.09279224269528097,5,0.6045126203940525,0.9388623630577068
tail,fraction_0.125,all,15,True,18.230772092988087,2.4274589802493884,0.2582457533751359,15,1.0341750946747825,3.518703820238031
tail,fraction_0.125,large,5,True,17.886918242172236,2.034485243167665,0.2611281984710101,5,1.2819379511395335,3.1179119269841165
tail,fraction_0.125,max,5,True,17.635341174110938,2.2329659472401637,0.16415593823055685,5,1.0341750946747825,2.9836648186737738
tail,fraction_0.125,medium,5,True,19.17005686268109,3.0149257503403364,0.3494531234238407,5,2.2801065716730813,3.518703820238031
tail,fraction_0.25,all,15,True,35.13104263968795,8.924258863338451,0.9253964123450983,15,4.576977485012694,12.431380423061755
tail,fraction_0.25,large,5,True,34.55053996438666,7.387521527834814,0.9301339869159841,5,5.373988050047149,9.98466409475256
tail,fraction_0.25,max,5,True,34.07520976366931,8.847105552060116,0.6214657605774065,5,4.576977485012694,12.431380423061755
tail,fraction_0.25,medium,5,True,36.767378191007886,10.538149510120423,1.224589489541904,5,8.918392965501054,11.887410476468435
tail,fraction_0.5,all,15,True,64.95321389495481,29.629087784895493,3.090070360877046,15,17.84231007734076,43.328943854764574
tail,fraction_0.5,large,5,True,64.22048079709475,25.750485076753865,3.1656705473670788,5,20.749353769287534,30.073936314426835
tail,fraction_0.5,max,5,True,63.38286649448655,28.424866997937134,2.055712583442655,5,17.84231007734076,43.328943854764574
tail,fraction_0.5,medium,5,True,67.25629439328314,34.711911279995476,4.048827951821404,5,31.348974161393006,37.360853034168194
