query_budget,baseline,baseline_budget,edges,query_cost_percent,baseline_cost_percent,query_recovery_percent,baseline_recovery_percent,mean_recovery_difference_pp,mean_cost_difference_pp,mean_auc_difference_pp,query_lower_cost_edges,query_higher_recovery_edges,query_dominates_equal_edge_mean,selection
128,deviation,fraction_0.03125,15,1.4160487892251474,8.486009783349228,6.877189934312603,12.52121159651882,-5.6440216622062165,-7.069960994124081,0.29887259515039005,15,6,False,fixed shared budgets on all 15 edges; no per-edge optimization
128,deviation,fraction_0.0625,15,1.4160487892251474,13.123775661747777,6.877189934312603,20.01395106966253,-13.136761135349925,-11.70772687252263,-0.629601674490343,15,5,False,fixed shared budgets on all 15 edges; no per-edge optimization
128,deviation,fraction_0.125,15,1.4160487892251474,22.399515247869793,6.877189934312603,29.818538104729104,-22.9413481704165,-20.983466458644646,-1.8547311672729039,15,2,False,fixed shared budgets on all 15 edges; no per-edge optimization
128,deviation,fraction_0.25,15,1.4160487892251474,40.9508535532513,6.877189934312603,45.4308018607112,-38.553611926398595,-39.53480476402615,-3.5675342981639924,15,0,False,fixed shared budgets on all 15 edges; no per-edge optimization
128,deviation,fraction_0.5,15,1.4160487892251474,78.05352883972567,6.877189934312603,71.72067595396918,-64.84348601965658,-76.63748005050053,-6.085998477286868,15,0,False,fixed shared budgets on all 15 edges; no per-edge optimization
128,layer,layers_1,15,1.4160487892251474,18.56725618801379,6.877189934312603,39.00469050697745,-32.12750057266484,-17.151207398788642,-2.7183128042383116,15,1,False,fixed shared budgets on all 15 edges; no per-edge optimization
128,layer,layers_2,15,1.4160487892251474,30.476833685167357,6.877189934312603,44.6236390663364,-37.7464491320238,-29.06078489594221,-3.3814685111637686,15,0,False,fixed shared budgets on all 15 edges; no per-edge optimization
128,query,fraction_0.03125,15,1.4160487892251474,4.650159488614571,6.877189934312603,7.584614295379859,-0.7074243610672566,-3.234110699389424,0.7229038203786357,15,7,False,fixed shared budgets on all 15 edges; no per-edge optimization
128,query,fraction_0.0625,15,1.4160487892251474,9.28792536701312,6.877189934312603,12.558551310457092,-5.68136137614449,-7.8718765777879725,0.04303582320900738,15,6,False,fixed shared budgets on all 15 edges; no per-edge optimization
128,query,fraction_0.125,15,1.4160487892251474,18.563664953135138,6.877189934312603,23.979893528606606,-17.102703594294002,-17.14761616390999,-1.2508724662621427,15,3,False,fixed shared budgets on all 15 edges; no per-edge optimization
128,query,fraction_0.25,15,1.4160487892251474,37.115003258516644,6.877189934312603,50.064426982082004,-43.1872370477694,-35.69895446929149,-3.871013256327711,15,1,False,fixed shared budgets on all 15 edges; no per-edge optimization
128,query,fraction_0.5,15,1.4160487892251474,74.21767854499102,6.877189934312603,74.21477837822194,-67.33758844390934,-72.80162975576587,-6.71477972533261,15,0,False,fixed shared budgets on all 15 edges; no per-edge optimization
128,tail,fraction_0.03125,15,1.4160487892251474,4.643858012566532,6.877189934312603,0.1705009709584186,6.706688963354185,-3.227809223341384,1.738363340989496,15,10,True,fixed shared budgets on all 15 edges; no per-edge optimization
128,tail,fraction_0.0625,15,1.4160487892251474,9.283270336595196,6.877189934312603,0.6801955723340186,6.196994361978584,-7.867221547370049,1.6892748137169424,15,10,True,fixed shared budgets on all 15 edges; no per-edge optimization
128,tail,fraction_0.125,15,1.4160487892251474,18.230772092988087,6.877189934312603,2.4274589802493884,4.449730954063215,-16.81472330376294,1.5009744065767772,15,10,True,fixed shared budgets on all 15 edges; no per-edge optimization
128,tail,fraction_0.25,15,1.4160487892251474,35.13104263968795,6.877189934312603,8.924258863338451,-2.0470689290258486,-33.714993850462804,0.8338237476068148,15,8,False,fixed shared budgets on all 15 edges; no per-edge optimization
128,tail,fraction_0.5,15,1.4160487892251474,64.95321389495481,6.877189934312603,29.629087784895493,-22.75189785058289,-63.53716510572967,-1.3308502009251328,15,4,False,fixed shared budgets on all 15 edges; no per-edge optimization
256,deviation,fraction_0.03125,15,2.8344644032104336,8.486009783349228,12.79378334490332,12.52121159651882,0.27257174838450027,-5.651545380138795,0.9676816071748944,15,8,True,fixed shared budgets on all 15 edges; no per-edge optimization
256,deviation,fraction_0.0625,15,2.8344644032104336,13.123775661747777,12.79378334490332,20.01395106966253,-7.220167724759209,-10.289311258537342,0.039207337534161356,15,8,False,fixed shared budgets on all 15 edges; no per-edge optimization
256,deviation,fraction_0.125,15,2.8344644032104336,22.399515247869793,12.79378334490332,29.818538104729104,-17.024754759825782,-19.56505084465936,-1.1859221552483996,15,4,False,fixed shared budgets on all 15 edges; no per-edge optimization
256,deviation,fraction_0.25,15,2.8344644032104336,40.9508535532513,12.79378334490332,45.4308018607112,-32.63701851580788,-38.11638915004087,-2.8987252861394883,15,0,False,fixed shared budgets on all 15 edges; no per-edge optimization
256,deviation,fraction_0.5,15,2.8344644032104336,78.05352883972567,12.79378334490332,71.72067595396918,-58.92689260906586,-75.21906443651524,-5.417189465262363,15,0,False,fixed shared budgets on all 15 edges; no per-edge optimization
256,layer,layers_1,15,2.8344644032104336,18.56725618801379,12.79378334490332,39.00469050697745,-26.21090716207413,-15.732791784803357,-2.0495037922138075,15,3,False,fixed shared budgets on all 15 edges; no per-edge optimization
256,layer,layers_2,15,2.8344644032104336,30.476833685167357,12.79378334490332,44.6236390663364,-31.829855721433084,-27.642369281956924,-2.7126594991392645,15,1,False,fixed shared budgets on all 15 edges; no per-edge optimization
256,query,fraction_0.03125,15,2.8344644032104336,4.650159488614571,12.79378334490332,7.584614295379859,5.20916904952346,-1.8156950854041378,1.3917128324031398,15,9,True,fixed shared budgets on all 15 edges; no per-edge optimization
256,query,fraction_0.0625,15,2.8344644032104336,9.28792536701312,12.79378334490332,12.558551310457092,0.2352320344462271,-6.453460963802686,0.7118448352335117,15,7,True,fixed shared budgets on all 15 edges; no per-edge optimization
256,query,fraction_0.125,15,2.8344644032104336,18.563664953135138,12.79378334490332,23.979893528606606,-11.186110183703287,-15.729200549924705,-0.5820634542376383,15,3,False,fixed shared budgets on all 15 edges; no per-edge optimization
256,query,fraction_0.25,15,2.8344644032104336,37.115003258516644,12.79378334490332,50.064426982082004,-37.270643637178686,-34.28053885530621,-3.202204244303207,15,1,False,fixed shared budgets on all 15 edges; no per-edge optimization
256,query,fraction_0.5,15,2.8344644032104336,74.21767854499102,12.79378334490332,74.21477837822194,-61.42099503331862,-71.38321414178058,-6.0459707133081055,15,0,False,fixed shared budgets on all 15 edges; no per-edge optimization
256,tail,fraction_0.03125,15,2.8344644032104336,4.643858012566532,12.79378334490332,0.1705009709584186,12.623282373944901,-1.809393609356098,2.4071723530140003,15,12,True,fixed shared budgets on all 15 edges; no per-edge optimization
256,tail,fraction_0.0625,15,2.8344644032104336,9.283270336595196,12.79378334490332,0.6801955723340186,12.113587772569302,-6.4488059333847625,2.358083825741447,15,12,True,fixed shared budgets on all 15 edges; no per-edge optimization
256,tail,fraction_0.125,15,2.8344644032104336,18.230772092988087,12.79378334490332,2.4274589802493884,10.36632436465393,-15.396307689777654,2.1697834186012814,15,12,True,fixed shared budgets on all 15 edges; no per-edge optimization
256,tail,fraction_0.25,15,2.8344644032104336,35.13104263968795,12.79378334490332,8.924258863338451,3.869524481564868,-32.296578236477515,1.5026327596313191,15,9,True,fixed shared budgets on all 15 edges; no per-edge optimization
256,tail,fraction_0.5,15,2.8344644032104336,64.95321389495481,12.79378334490332,29.629087784895493,-16.83530443999217,-62.11874949174438,-0.6620411889006287,15,5,False,fixed shared budgets on all 15 edges; no per-edge optimization
512,deviation,fraction_0.03125,15,5.672098278147728,8.486009783349228,15.419120048848434,12.52121159651882,2.897908452329615,-2.8139115052015002,1.15762065487979,15,8,True,fixed shared budgets on all 15 edges; no per-edge optimization
512,deviation,fraction_0.0625,15,5.672098278147728,13.123775661747777,15.419120048848434,20.01395106966253,-4.594831020814095,-7.451677383600049,0.22914638523905698,15,7,False,fixed shared budgets on all 15 edges; no per-edge optimization
512,deviation,fraction_0.125,15,5.672098278147728,22.399515247869793,15.419120048848434,29.818538104729104,-14.39941805588067,-16.727416969722064,-0.9959831075435038,15,4,False,fixed shared budgets on all 15 edges; no per-edge optimization
512,deviation,fraction_0.25,15,5.672098278147728,40.9508535532513,15.419120048848434,45.4308018607112,-30.011681811862765,-35.27875527510357,-2.7087862384345924,15,0,False,fixed shared budgets on all 15 edges; no per-edge optimization
512,deviation,fraction_0.5,15,5.672098278147728,78.05352883972567,15.419120048848434,71.72067595396918,-56.30155590512074,-72.38143056157794,-5.227250417557467,15,0,False,fixed shared budgets on all 15 edges; no per-edge optimization
512,layer,layers_1,15,5.672098278147728,18.56725618801379,15.419120048848434,39.00469050697745,-23.585570458129013,-12.895157909866061,-1.8595647445089116,15,3,False,fixed shared budgets on all 15 edges; no per-edge optimization
512,layer,layers_2,15,5.672098278147728,30.476833685167357,15.419120048848434,44.6236390663364,-29.204519017487968,-24.804735407019628,-2.5227204514343686,15,2,False,fixed shared budgets on all 15 edges; no per-edge optimization
512,query,fraction_0.03125,15,5.672098278147728,4.650159488614571,15.419120048848434,7.584614295379859,7.834505753468575,1.0219387895331566,1.5816518801080355,0,9,False,fixed shared budgets on all 15 edges; no per-edge optimization
512,query,fraction_0.0625,15,5.672098278147728,9.28792536701312,15.419120048848434,12.558551310457092,2.8605687383913416,-3.615827088865392,0.9017838829384074,15,7,True,fixed shared budgets on all 15 edges; no per-edge optimization
512,query,fraction_0.125,15,5.672098278147728,18.563664953135138,15.419120048848434,23.979893528606606,-8.560773479758172,-12.89156667498741,-0.39212440653274266,15,5,False,fixed shared budgets on all 15 edges; no per-edge optimization
512,query,fraction_0.25,15,5.672098278147728,37.115003258516644,15.419120048848434,50.064426982082004,-34.64530693323357,-31.442904980368915,-3.012265196598311,15,1,False,fixed shared budgets on all 15 edges; no per-edge optimization
512,query,fraction_0.5,15,5.672098278147728,74.21767854499102,15.419120048848434,74.21477837822194,-58.7956583293735,-68.54558026684329,-5.85603166560321,15,0,False,fixed shared budgets on all 15 edges; no per-edge optimization
512,tail,fraction_0.03125,15,5.672098278147728,4.643858012566532,15.419120048848434,0.1705009709584186,15.248619077890016,1.0282402655811964,2.597111400718896,0,10,False,fixed shared budgets on all 15 edges; no per-edge optimization
512,tail,fraction_0.0625,15,5.672098278147728,9.283270336595196,15.419120048848434,0.6801955723340186,14.738924476514416,-3.611172058447468,2.5480228734463424,15,10,True,fixed shared budgets on all 15 edges; no per-edge optimization
512,tail,fraction_0.125,15,5.672098278147728,18.230772092988087,15.419120048848434,2.4274589802493884,12.991661068599045,-12.558673814840358,2.359722466306177,15,10,True,fixed shared budgets on all 15 edges; no per-edge optimization
512,tail,fraction_0.25,15,5.672098278147728,35.13104263968795,15.419120048848434,8.924258863338451,6.494861185509983,-29.45894436154022,1.6925718073362146,15,9,True,fixed shared budgets on all 15 edges; no per-edge optimization
512,tail,fraction_0.5,15,5.672098278147728,64.95321389495481,15.419120048848434,29.629087784895493,-14.209967736047059,-59.281115616807085,-0.47210214119573296,15,5,False,fixed shared budgets on all 15 edges; no per-edge optimization
1024,deviation,fraction_0.03125,15,11.333066177392647,8.486009783349228,15.275684612797853,12.52121159651882,2.754473016279034,2.8470563940434186,1.14788983498743,1,7,False,fixed shared budgets on all 15 edges; no per-edge optimization
1024,deviation,fraction_0.0625,15,11.333066177392647,13.123775661747777,15.275684612797853,20.01395106966253,-4.738266456864675,-1.7907094843551299,0.219415565346697,12,5,False,fixed shared budgets on all 15 edges; no per-edge optimization
1024,deviation,fraction_0.125,15,11.333066177392647,22.399515247869793,15.275684612797853,29.818538104729104,-14.54285349193125,-11.066449070477146,-1.0057139274358637,15,4,False,fixed shared budgets on all 15 edges; no per-edge optimization
1024,deviation,fraction_0.25,15,11.333066177392647,40.9508535532513,15.275684612797853,45.4308018607112,-30.155117247913346,-29.617787375858654,-2.7185170583269525,15,2,False,fixed shared budgets on all 15 edges; no per-edge optimization
1024,deviation,fraction_0.5,15,11.333066177392647,78.05352883972567,15.275684612797853,71.72067595396918,-56.444991341171324,-66.72046266233302,-5.236981237449828,15,0,False,fixed shared budgets on all 15 edges; no per-edge optimization
1024,layer,layers_1,15,11.333066177392647,18.56725618801379,15.275684612797853,39.00469050697745,-23.729005894179593,-7.234190010621143,-1.8692955644012716,15,3,False,fixed shared budgets on all 15 edges; no per-edge optimization
1024,layer,layers_2,15,11.333066177392647,30.476833685167357,15.275684612797853,44.6236390663364,-29.34795445353855,-19.14376750777471,-2.5324512713267286,15,1,False,fixed shared budgets on all 15 edges; no per-edge optimization
1024,query,fraction_0.03125,15,11.333066177392647,4.650159488614571,15.275684612797853,7.584614295379859,7.691070317417994,6.6829066887780755,1.5719210602156757,0,9,False,fixed shared budgets on all 15 edges; no per-edge optimization
1024,query,fraction_0.0625,15,11.333066177392647,9.28792536701312,15.275684612797853,12.558551310457092,2.717133302340761,2.045140810379527,0.8920530630460474,0,5,False,fixed shared budgets on all 15 edges; no per-edge optimization
1024,query,fraction_0.125,15,11.333066177392647,18.563664953135138,15.275684612797853,23.979893528606606,-8.704208915808753,-7.230598775742491,-0.4018552264251026,15,5,False,fixed shared budgets on all 15 edges; no per-edge optimization
1024,query,fraction_0.25,15,11.333066177392647,37.115003258516644,15.275684612797853,50.064426982082004,-34.78874236928415,-25.781937081124,-3.021996016490671,15,1,False,fixed shared budgets on all 15 edges; no per-edge optimization
1024,query,fraction_0.5,15,11.333066177392647,74.21767854499102,15.275684612797853,74.21477837822194,-58.93909376542408,-62.88461236759837,-5.86576248549557,15,0,False,fixed shared budgets on all 15 edges; no per-edge optimization
1024,tail,fraction_0.03125,15,11.333066177392647,4.643858012566532,15.275684612797853,0.1705009709584186,15.105183641839435,6.689208164826115,2.5873805808265358,0,11,False,fixed shared budgets on all 15 edges; no per-edge optimization
1024,tail,fraction_0.0625,15,11.333066177392647,9.283270336595196,15.275684612797853,0.6801955723340186,14.595489040463836,2.049795840797451,2.5382920535539824,0,11,False,fixed shared budgets on all 15 edges; no per-edge optimization
1024,tail,fraction_0.125,15,11.333066177392647,18.230772092988087,15.275684612797853,2.4274589802493884,12.848225632548465,-6.89770591559544,2.349991646413817,15,10,True,fixed shared budgets on all 15 edges; no per-edge optimization
1024,tail,fraction_0.25,15,11.333066177392647,35.13104263968795,15.275684612797853,8.924258863338451,6.351425749459402,-23.797976462295303,1.6828409874438548,15,10,True,fixed shared budgets on all 15 edges; no per-edge optimization
1024,tail,fraction_0.5,15,11.333066177392647,64.95321389495481,15.275684612797853,29.629087784895493,-14.35340317209764,-53.62014771756217,-0.4818329610880929,15,5,False,fixed shared budgets on all 15 edges; no per-edge optimization
