teachers,source_layers,edge,auc,raw_recovery_percent,display_recovery_percent,compute_percent
64,1,v0_to_v1,0.599650755648517,50.23333728293101,50.23333728293101,23.0004677466783
64,1,v2_to_v3,0.6648749518949811,44.37260328213136,44.37260328213136,23.0004677466783
64,1,v3_to_v4,0.6590299730981153,74.51829085937456,74.51829085937456,23.0004677466783
64,1,v4_to_v5,0.663861765370038,49.84822624479772,49.84822624479772,23.0004677466783
64,2,v0_to_v1,0.601741605808401,76.0205590578431,76.0205590578431,45.14155814933727
64,2,v2_to_v3,0.6655395828507021,48.443612841027445,48.443612841027445,45.14155814933727
64,2,v3_to_v4,0.6621324029627744,81.86697413129382,81.86697413129382,45.14155814933727
64,2,v4_to_v5,0.6646084739238606,52.200335607994084,52.200335607994084,45.14155814933727
64,3,v0_to_v1,0.6021280780685728,80.7870631690015,80.7870631690015,67.56137284921131
64,3,v2_to_v3,0.6661872940495647,52.41098519898952,52.41098519898952,67.56137284921131
64,3,v3_to_v4,0.6629569296434185,83.82001922485813,83.82001922485813,67.56137284921131
64,3,v4_to_v5,0.6643818241509268,51.48639567740842,51.48639567740842,67.56137284921131
64,4,v0_to_v1,0.6021946564383833,81.60819861938249,81.60819861938249,90.26072130698931
64,4,v2_to_v3,0.6658742644947264,50.49361090428627,50.49361090428627,90.26072130698931
64,4,v3_to_v4,0.662974988394478,83.86279474198896,83.86279474198896,90.26072130698931
64,4,v4_to_v5,0.664410608854595,51.577066623479915,51.577066623479915,90.26072130698931
256,1,v0_to_v1,0.5985002235486255,36.04340297376799,36.04340297376799,27.074712460100436
256,1,v2_to_v3,0.6644371075141638,41.69071095636318,41.69071095636318,27.074712460100436
256,1,v3_to_v4,0.6584094028369638,73.04835455263536,73.04835455263536,27.074712460100436
256,1,v4_to_v5,0.6635350958183871,48.81922703596855,48.81922703596855,27.074712460100436
256,2,v0_to_v1,0.6014138011860152,71.97762443799787,71.97762443799787,50.87573691548648
256,2,v2_to_v3,0.665446308123809,47.87228479571628,47.87228479571628,50.87573691548648
256,2,v3_to_v4,0.6614184255502121,80.1757855800254,80.1757855800254,50.87573691548648
256,2,v4_to_v5,0.6643293226141735,51.32101742434375,51.32101742434375,50.87573691548648
256,3,v0_to_v1,0.6017351361420717,75.94076629045962,75.94076629045962,75.78437341353259
256,3,v2_to_v3,0.6657345658336287,49.63792613697507,49.63792613697507,75.78437341353259
256,3,v3_to_v4,0.6617639528146259,80.99423129475815,80.99423129475815,75.78437341353259
256,3,v4_to_v5,0.664355296285542,51.40283370368009,51.40283370368009,75.78437341353259
256,4,v0_to_v1,0.6018019357778748,76.76463069546874,76.76463069546874,101.80143141492766
256,4,v2_to_v3,0.6655674059434019,48.614035351992136,48.614035351992136,101.80143141492766
256,4,v3_to_v4,0.6617830546324035,81.03947750978621,81.03947750978621,101.80143141492766
256,4,v4_to_v5,0.6643679314639789,51.44263413365354,51.44263413365354,101.80143141492766
