edge,config_id,family,budget,cost,users,candidates_per_user,mean_abs_probability_gap,reuse_mean_abs_probability_gap,probability_gap_recovery,mean_abs_logit_gap,mean_Bernoulli_JS,top1_agreement,top10_overlap,rank_correlation
v0_to_v1,reuse,anchor,reuse,0.0,3000,64,0.008901711984495507,0.008901711984495507,0.0,0.08386247874299685,0.000174432417324819,0.9546666666666667,0.9669666666666668,0.9867068070818071
v0_to_v1,current_exact,anchor,current_exact,1.0,3000,64,0.0,0.008901711984495507,1.0,0.0,0.0,1.0,1.0,1.0
v0_to_v1,layer_1,layer,k1,0.16666666666666666,3000,64,0.007496714748615463,0.008901711984495507,0.1578344972660527,0.08431842858654758,0.0001330310621915062,0.9483333333333334,0.9612333333333334,0.9862986874236874
v0_to_v1,layer_2,layer,k1,0.16666666666666666,3000,64,0.008624985473015658,0.008901711984495507,0.03108688665302084,0.08026628391320506,0.00016750513292715285,0.9566666666666667,0.9673999999999999,0.9852412851037851
v0_to_v1,layer_3,layer,k1,0.16666666666666666,3000,64,0.00844528749114537,0.008901711984495507,0.0512737880247206,0.07903694339158635,0.00015668261743004492,0.9656666666666667,0.9727666666666668,0.9873405372405373
v0_to_v1,layer_4,layer,k1,0.16666666666666666,3000,64,0.008709058101712514,0.008901711984495507,0.02164234061027215,0.08195589985015492,0.00016783733106906165,0.9586666666666667,0.9691333333333335,0.9881830128205129
v0_to_v1,layer_5,layer,k1,0.16666666666666666,3000,64,0.008877318346297415,0.008901711984495507,0.002740331100419824,0.08361942584626376,0.00017363470770075646,0.9546666666666667,0.9669666666666668,0.9867310439560439
v0_to_v1,layer_6,layer,k1,0.16666666666666666,3000,64,0.008857538871152976,0.008901711984495507,0.004962316621731855,0.08349238841297726,0.00017282572175599594,0.955,0.9671333333333334,0.9867956043956043
v0_to_v1,layer_1_2,layer,k2,0.3333333333333333,3000,64,0.006851372905417419,0.008901711984495507,0.2303308714828397,0.07654088014302154,0.00010964501252080766,0.958,0.9689333333333334,0.9906014194139194
v0_to_v1,layer_3_4,layer,k2,0.3333333333333333,3000,64,0.008036156642819339,0.008901711984495507,0.09723470532227318,0.07332614381238818,0.00015059438982838877,0.9656666666666667,0.9735333333333335,0.9887512515262515
v0_to_v1,layer_5_6,layer,k2,0.3333333333333333,3000,64,0.008833062743328348,0.008901711984495507,0.007711914436990153,0.08324838543372849,0.00017202999958996996,0.955,0.9671333333333334,0.9868145146520146
v0_to_v1,layer_1_2_3,layer,k3,0.5,3000,64,0.002513682296537658,0.008901711984495507,0.7176181052683073,0.029357802767306568,3.575740824774675e-05,0.983,0.9873999999999999,0.9978788308913308
v0_to_v1,layer_3_4_5,layer,k3,0.5,3000,64,0.008043256242864776,0.008901711984495507,0.09643715086782645,0.07347744857209425,0.00015042575487676042,0.966,0.9733999999999999,0.9887425518925519
v0_to_v1,layer_4_5_6,layer,k3,0.5,3000,64,0.008619707020268815,0.008901711984495507,0.031679857168808945,0.081062770312652,0.0001650047999327352,0.9586666666666667,0.9692666666666667,0.9883008547008547
v0_to_v1,layer_1_2_3_4,layer,k4,0.6666666666666666,3000,64,0.0002557394856934445,0.008901711984495507,0.9712707526216444,0.0026932900908092656,1.5209452917894095e-07,0.9976666666666667,0.999,0.9999298840048841
v0_to_v1,layer_3_4_5_6,layer,k4,0.6666666666666666,3000,64,0.008054821201527017,0.008901711984495507,0.09513796721839074,0.07376849892921745,0.00014996175959083345,0.9653333333333334,0.9734666666666667,0.9888137362637363
v0_to_v1,window_128_896_1024,window,w128,0.125,3000,64,0.008170402552255866,0.008901711984495507,0.0821537962038531,0.07709774847328663,0.0001484262619095328,0.9566666666666667,0.9693666666666668,0.988103373015873
v0_to_v1,window_128_768_896,window,w128,0.125,3000,64,0.008114391137071847,0.008901711984495507,0.08844600328509511,0.07667344585744043,0.0001463937427959644,0.959,0.9693666666666668,0.9881321123321122
v0_to_v1,window_128_640_768,window,w128,0.125,3000,64,0.00810056016503833,0.008901711984495507,0.08999974621202955,0.07659939461263518,0.00014579809073541795,0.9586666666666667,0.9692000000000002,0.9879465048840047
v0_to_v1,window_256_768_1024,window,w256,0.25,3000,64,0.007365508645333736,0.008901711984495507,0.1725739208185395,0.06971126965309182,0.00012188488618768282,0.962,0.9716333333333335,0.9896670482295482
v0_to_v1,window_256_512_768,window,w256,0.25,3000,64,0.007242846465195084,0.008901711984495507,0.18635353763295648,0.06873676816684504,0.00011821632501929949,0.963,0.9714666666666667,0.9890851343101342
v0_to_v1,window_256_256_512,window,w256,0.25,3000,64,0.0072572010094065645,0.008901711984495507,0.1847409776853327,0.0689814680001388,0.00011739863654558861,0.9606666666666667,0.9714666666666667,0.9893517094017095
v0_to_v1,window_512_512_1024,window,w512,0.5,3000,64,0.005556810952641371,0.008901711984495507,0.3757592963780556,0.0531377582916369,7.148381566703976e-05,0.9696666666666667,0.9776666666666667,0.9925704365079367
v0_to_v1,window_768_256_1024,window,w768,0.75,3000,64,0.0033024041669051057,0.008901711984495507,0.6290147139497386,0.0319936970466127,2.6623538648081897e-05,0.981,0.9868333333333333,0.9963958028083028
v0_to_v1,token_p10_attn_mass,token,p10,0.099609375,3000,64,0.008676229654803526,0.008901711984495507,0.02533022075806468,0.08301113928419848,0.00016153845815217706,0.9543333333333334,0.9671000000000001,0.9868594780219779
v0_to_v1,token_p10_read_norm,token,p10,0.099609375,3000,64,0.00861847045398894,0.008901711984495507,0.03181877047919568,0.08258476204487185,0.00015960049092661013,0.9543333333333334,0.9671666666666666,0.9868666666666668
v0_to_v1,token_p10_persistence,token,p10,0.099609375,3000,64,0.008531507889413481,0.008901711984495507,0.04158796596956027,0.08102849267361065,0.00015980977761724118,0.9543333333333334,0.9676,0.9871781135531137
v0_to_v1,token_p10_kv_drift,token,p10,0.099609375,3000,64,0.007950582994885822,0.008901711984495507,0.10684787277619257,0.07297556257185836,0.00014874542580842228,0.9616666666666667,0.9713666666666666,0.9877166056166057
v0_to_v1,token_p10_read_delta,token,p10,0.099609375,3000,64,0.008114069496227777,0.008901711984495507,0.0884821357554143,0.07545510602307816,0.00014880279085638078,0.9593333333333334,0.9692666666666667,0.9871486416361416
v0_to_v1,token_p20_attn_mass,token,p20,0.2001953125,3000,64,0.008679166270539267,0.008901711984495507,0.025000327391389243,0.08347367553847532,0.00016071495088252857,0.956,0.9683,0.9875624542124543
v0_to_v1,token_p20_read_norm,token,p20,0.2001953125,3000,64,0.008692797052457716,0.008901711984495507,0.023469073409886576,0.08349895333995422,0.00016128164646751352,0.956,0.9682333333333333,0.9875525946275946
v0_to_v1,token_p20_kv_drift,token,p20,0.2001953125,3000,64,0.0074636437490496164,0.008901711984495507,0.1615496252800176,0.06710871211687723,0.00013618574288727346,0.964,0.9732666666666667,0.9881806166056167
v0_to_v1,token_p20_read_delta,token,p20,0.2001953125,3000,64,0.007806476170789497,0.008901711984495507,0.1230365367486198,0.07186127704568207,0.00013983775618441592,0.9643333333333334,0.9717,0.9882043498168499
v0_to_v1,token_p40_read_norm,token,p40,0.400390625,3000,64,0.008211768440322946,0.008901711984495507,0.07750683749084053,0.0802518565474699,0.00013448529371804443,0.9613333333333334,0.9719000000000001,0.9892283730158731
v0_to_v1,token_p40_read_delta,token,p40,0.400390625,3000,64,0.007499579181372574,0.008901711984495507,0.1575127127866064,0.06842432809683184,0.00012562235231292185,0.969,0.9765666666666668,0.9918116452991453
v0_to_v1,token_p80_read_delta,token,p80,0.7998046875,3000,64,0.002479797992336272,0.008901711984495507,0.721424598250826,0.023090553556879362,1.4131006826870186e-05,0.986,0.9914333333333334,0.9983826770451771
v1_to_v2,reuse,anchor,reuse,0.0,3000,64,0.004922253097276744,0.004922253097276744,0.0,0.046229122280453644,4.873666158576243e-05,0.9766666666666667,0.9828,0.9980168192918192
v1_to_v2,current_exact,anchor,current_exact,1.0,3000,64,0.0,0.004922253097276744,1.0,0.0,0.0,1.0,1.0,1.0
v1_to_v2,layer_1,layer,k1,0.16666666666666666,3000,64,0.003238852135948185,0.004922253097276744,0.3419980500921228,0.035007965953399736,2.4394978599770693e-05,0.9773333333333334,0.9823333333333333,0.9976303571428571
v1_to_v2,layer_2,layer,k1,0.16666666666666666,3000,64,0.004715138292617362,0.004922253097276744,0.04207723588491785,0.043887533605719606,4.425556799591666e-05,0.9763333333333334,0.9824333333333334,0.9978488247863248
v1_to_v2,layer_3,layer,k1,0.16666666666666666,3000,64,0.003782873418747145,0.004922253097276744,0.2314752321777125,0.0348084017864118,2.7776340150896934e-05,0.9793333333333333,0.9822666666666667,0.9978531898656898
v1_to_v2,layer_4,layer,k1,0.16666666666666666,3000,64,0.0049407898850332725,0.004922253097276744,-0.0037659151998470364,0.04733464997323851,4.721378703999623e-05,0.9803333333333333,0.9851333333333332,0.9983950396825397
v1_to_v2,layer_5,layer,k1,0.16666666666666666,3000,64,0.0049321796066398955,0.004922253097276744,-0.0020166596814461535,0.04630887328088284,4.8876502607208136e-05,0.9766666666666667,0.9827666666666667,0.9980168192918192
v1_to_v2,layer_6,layer,k1,0.16666666666666666,3000,64,0.004916357180805173,0.004922253097276744,0.0011978084740975614,0.04608524595946074,4.854864037717529e-05,0.9763333333333334,0.9830000000000002,0.99802963980464
v1_to_v2,layer_1_2,layer,k2,0.3333333333333333,3000,64,0.0030580686726161027,0.004922253097276744,0.37872583709521324,0.032975021267930664,2.1072614247193444e-05,0.9796666666666667,0.9843333333333333,0.9980552045177045
v1_to_v2,layer_3_4,layer,k2,0.3333333333333333,3000,64,0.0038135856081222617,0.004922253097276744,0.22523577460245936,0.03579135956242681,2.8488428083449367e-05,0.9793333333333333,0.9809333333333334,0.9976934065934066
v1_to_v2,layer_5_6,layer,k2,0.3333333333333333,3000,64,0.004926310969933842,0.004922253097276744,-0.0008243933371372414,0.04616534844475488,4.8690539401012086e-05,0.9763333333333334,0.983,0.9980283424908425
v1_to_v2,layer_1_2_3,layer,k3,0.5,3000,64,0.0010021997606524415,0.004922253097276744,0.7963941022848028,0.011901938145980239,5.065114655992167e-06,0.9923333333333333,0.9949333333333334,0.9995765109890111
v1_to_v2,layer_3_4_5,layer,k3,0.5,3000,64,0.003825228202748282,0.004922253097276744,0.22287047676101723,0.035897277109945815,2.8624900288781868e-05,0.9793333333333333,0.9809333333333334,0.9976877747252747
v1_to_v2,layer_4_5_6,layer,k3,0.5,3000,64,0.00493595069755603,0.004922253097276744,-0.0027827907278608066,0.04714711677469313,4.705125512077179e-05,0.9803333333333333,0.9852333333333334,0.998395757020757
v1_to_v2,layer_1_2_3_4,layer,k4,0.6666666666666666,3000,64,7.039601403911642e-05,0.004922253097276744,0.985698416426806,0.0007427062119046846,1.070564900712426e-08,0.999,0.9998666666666667,0.9999918192918195
v1_to_v2,layer_3_4_5_6,layer,k4,0.6666666666666666,3000,64,0.003843378525027583,0.004922253097276744,0.21918307549972438,0.03606789305868248,2.8777918181092785e-05,0.9793333333333333,0.9808666666666668,0.9976757478632479
v1_to_v2,window_128_896_1024,window,w128,0.125,3000,64,0.004442965353636501,0.004922253097276744,0.0973716170558987,0.0417479794099927,3.961488793323617e-05,0.9796666666666667,0.9846333333333334,0.9982728327228327
v1_to_v2,window_128_768_896,window,w128,0.125,3000,64,0.004413111269974013,0.004922253097276744,0.10343674273564185,0.04149868316451708,3.927109736279466e-05,0.98,0.9847333333333335,0.9983524725274725
v1_to_v2,window_128_640_768,window,w128,0.125,3000,64,0.004379968163872329,0.004922253097276744,0.1101700629137572,0.04116840002685785,3.869955206531399e-05,0.9796666666666667,0.9846333333333334,0.9984002289377288
v1_to_v2,window_256_768_1024,window,w256,0.25,3000,64,0.0039248295750717145,0.004922253097276744,0.20263556190494503,0.03692643552708129,3.1023941514212105e-05,0.9816666666666667,0.9867333333333332,0.9985697649572649
v1_to_v2,window_256_512_768,window,w256,0.25,3000,64,0.0038478441492800883,0.004922253097276744,0.2182758437576232,0.036212370703617734,3.0156535073412038e-05,0.983,0.9867333333333335,0.9987152777777778
v1_to_v2,window_256_256_512,window,w256,0.25,3000,64,0.0038332812699098814,0.004922253097276744,0.22123442371732982,0.03602298531122506,2.9969095798017777e-05,0.9806666666666667,0.9867333333333332,0.9986662240537241
v1_to_v2,window_512_512_1024,window,w512,0.5,3000,64,0.0027931132595769683,0.004922253097276744,0.4325539129383108,0.026342969365417957,1.600459786680482e-05,0.9873333333333333,0.9901666666666666,0.9991100274725274
v1_to_v2,window_768_256_1024,window,w768,0.75,3000,64,0.0015397517571103527,0.004922253097276744,0.6871855780918241,0.014548286550988753,5.130753164559278e-06,0.9916666666666667,0.9941333333333332,0.9995605616605617
v1_to_v2,token_p10_attn_mass,token,p10,0.099609375,3000,64,0.004328617978119428,0.004922253097276744,0.12060231512389041,0.040714432646830875,3.529301934468553e-05,0.977,0.9837333333333332,0.9981020604395605
v1_to_v2,token_p10_read_norm,token,p10,0.099609375,3000,64,0.003947100582886783,0.004922253097276744,0.19811100630511413,0.03714648529328406,2.9269219846473844e-05,0.9766666666666667,0.9840333333333334,0.9981848595848596
v1_to_v2,token_p10_persistence,token,p10,0.099609375,3000,64,0.0035098390983659914,0.004922253097276744,0.2869446107296222,0.03324262598529458,2.3302432550104765e-05,0.979,0.9857333333333332,0.9982977564102564
v1_to_v2,token_p10_kv_drift,token,p10,0.099609375,3000,64,0.004690976970300134,0.004922253097276744,0.046985825882168486,0.04374470498599112,4.281097918043246e-05,0.9796666666666667,0.9836,0.9982018467643468
v1_to_v2,token_p10_read_delta,token,p10,0.099609375,3000,64,0.004105756077850461,0.004922253097276744,0.1658787151514035,0.03873967015867432,3.097962573913879e-05,0.979,0.9842333333333333,0.9981963675213674
v1_to_v2,token_p20_attn_mass,token,p20,0.2001953125,3000,64,0.0033519828239203862,0.004922253097276744,0.31901453304486027,0.03172097340412438,2.08474713957911e-05,0.9786666666666667,0.9850333333333333,0.998046688034188
v1_to_v2,token_p20_read_norm,token,p20,0.2001953125,3000,64,0.003036577993348928,0.004922253097276744,0.383091861930276,0.028898004798218607,1.7186207786048863e-05,0.979,0.9854666666666667,0.9980321123321124
v1_to_v2,token_p20_kv_drift,token,p20,0.2001953125,3000,64,0.0039841689769334184,0.004922253097276744,0.19058022856693901,0.037397919045140345,3.108677667522102e-05,0.9816666666666667,0.9851666666666666,0.9983722985347986
v1_to_v2,token_p20_read_delta,token,p20,0.2001953125,3000,64,0.0031984573696208518,0.004922253097276744,0.35020461028499095,0.030508934147035083,1.8306912209143086e-05,0.9803333333333333,0.9849666666666667,0.998255815018315
v1_to_v2,token_p40_read_norm,token,p40,0.400390625,3000,64,0.0021796319940497475,0.004922253097276744,0.557188151244064,0.022023546660939853,9.476130443337584e-06,0.9833333333333333,0.9874666666666667,0.9982914224664224
v1_to_v2,token_p40_read_delta,token,p40,0.400390625,3000,64,0.00193528875708977,0.004922253097276744,0.606828678078241,0.018884547686825195,6.785022278396465e-06,0.9846666666666667,0.9884666666666665,0.9987111111111111
v1_to_v2,token_p80_read_delta,token,p80,0.7998046875,3000,64,0.0004040230189363471,0.004922253097276744,0.9179190888904363,0.004508358305320144,4.209565907529911e-07,0.9956666666666667,0.9965,0.9996862942612943
v2_to_v3,reuse,anchor,reuse,0.0,3000,64,0.0055176022078184984,0.0055176022078184984,0.0,0.04624921960569918,5.4206653319099234e-05,0.8986666666666666,0.9442000000000002,0.9830261446886446
v2_to_v3,current_exact,anchor,current_exact,1.0,3000,64,0.0,0.0055176022078184984,1.0,0.0,0.0,1.0,1.0,1.0
v2_to_v3,layer_1,layer,k1,0.16666666666666666,3000,64,0.0022609563459895132,0.0055176022078184984,0.5902284614164981,0.020239933129710456,1.0418470646210309e-05,0.9313333333333333,0.9629666666666667,0.9914834401709401
v2_to_v3,layer_2,layer,k1,0.16666666666666666,3000,64,0.005381105951463502,0.0055176022078184984,0.02473832857352054,0.04498405555977176,5.199835400927636e-05,0.9046666666666666,0.947,0.9848291971916971
v2_to_v3,layer_3,layer,k1,0.16666666666666666,3000,64,0.004064165739250456,0.0055176022078184984,0.26341813233808486,0.03369859116741766,3.302759417368798e-05,0.9113333333333333,0.9484333333333334,0.9855062881562883
v2_to_v3,layer_4,layer,k1,0.16666666666666666,3000,64,0.0053471156543895525,0.0055176022078184984,0.030898667031009408,0.0449668838440751,5.116233686424033e-05,0.9023333333333333,0.9457000000000001,0.9838357295482295
v2_to_v3,layer_5,layer,k1,0.16666666666666666,3000,64,0.005500380760275493,0.0055176022078184984,0.0031211832412642027,0.04610112614588191,5.3942218612556185e-05,0.899,0.9442333333333333,0.9830707264957264
v2_to_v3,layer_6,layer,k1,0.16666666666666666,3000,64,0.005432714246498926,0.0055176022078184984,0.01538493681173414,0.04556353116811564,5.283160426647153e-05,0.8993333333333333,0.9447000000000001,0.9833027625152625
v2_to_v3,layer_1_2,layer,k2,0.3333333333333333,3000,64,0.0021529125794272084,0.0055176022078184984,0.6098101134626,0.019274556685859957,9.474324958573907e-06,0.9383333333333334,0.9671666666666666,0.9929079212454213
v2_to_v3,layer_3_4,layer,k2,0.3333333333333333,3000,64,0.003939324307903334,0.0055176022078184984,0.28604416202362837,0.032818152449714644,3.1510945253434657e-05,0.9083333333333333,0.9472000000000002,0.9851071428571428
v2_to_v3,layer_5_6,layer,k2,0.3333333333333333,3000,64,0.0054156802934285046,0.0055176022078184984,0.01847213890221544,0.045417305949454506,5.25760239731368e-05,0.8996666666666666,0.9447000000000001,0.9833555708180708
v2_to_v3,layer_1_2_3,layer,k3,0.5,3000,64,0.00042542631040165177,0.0055176022078184984,0.922896523819927,0.004089279510080815,3.5525605368830654e-07,0.9923333333333333,0.9931000000000001,0.9994897435897436
v2_to_v3,layer_3_4_5,layer,k3,0.5,3000,64,0.0039282296973777745,0.0055176022078184984,0.28805492867691096,0.03273211026688417,3.139551156949009e-05,0.9086666666666666,0.9471,0.9851190934065935
v2_to_v3,layer_4_5_6,layer,k3,0.5,3000,64,0.005246781458804326,0.0055176022078184984,0.0490830507190998,0.04414288056703905,4.964439893539979e-05,0.905,0.9463333333333334,0.9841328754578753
v2_to_v3,layer_1_2_3_4,layer,k4,0.6666666666666666,3000,64,0.00013424034089849462,0.0055176022078184984,0.975670529363593,0.0012141979013880093,3.118032757401087e-08,0.997,0.9983333333333333,0.9999355311355311
v2_to_v3,layer_3_4_5_6,layer,k4,0.6666666666666666,3000,64,0.0038679700837797454,0.0055176022078184984,0.29897626938404653,0.03227298288357754,3.0716817424192105e-05,0.9073333333333333,0.9472000000000002,0.9851306318681318
v2_to_v3,window_128_896_1024,window,w128,0.125,3000,64,0.004740705476881489,0.0055176022078184984,0.14080332392141992,0.03995589123883595,4.047051495606175e-05,0.912,0.9510333333333333,0.9867138278388279
v2_to_v3,window_128_768_896,window,w128,0.125,3000,64,0.004763261524372751,0.0055176022078184984,0.1367153076705745,0.040118067826144396,4.0431752009233774e-05,0.9123333333333333,0.9506333333333333,0.9866785103785105
v2_to_v3,window_128_640_768,window,w128,0.125,3000,64,0.004790346499918202,0.0055176022078184984,0.13180647689131475,0.04031821015042563,4.128735508363551e-05,0.9143333333333333,0.9508333333333333,0.9867299755799755
v2_to_v3,window_256_768_1024,window,w256,0.25,3000,64,0.003991363918102298,0.0055176022078184984,0.2766125995008313,0.033840797745001816,2.8921557008499772e-05,0.9243333333333333,0.9576,0.9899594932844933
v2_to_v3,window_256_512_768,window,w256,0.25,3000,64,0.004092674863545267,0.0055176022078184984,0.2582511914784461,0.03457482233115782,3.0453625319133986e-05,0.92,0.9571666666666667,0.9898936507936508
v2_to_v3,window_256_256_512,window,w256,0.25,3000,64,0.004201110395152671,0.0055176022078184984,0.2385985366615131,0.035341013415095705,3.274929187045897e-05,0.9253333333333333,0.9566666666666667,0.9893774420024419
v2_to_v3,window_512_512_1024,window,w512,0.5,3000,64,0.0025833521853567383,0.0055176022078184984,0.5317980368907165,0.02220316420868039,1.2659794988339912e-05,0.948,0.9704333333333334,0.9949773962148962
v2_to_v3,window_768_256_1024,window,w768,0.75,3000,64,0.0012752884596536585,0.0055176022078184984,0.7688690826883893,0.011161067942778269,3.4536000949416008e-06,0.97,0.9841000000000001,0.9981555860805861
v2_to_v3,token_p10_attn_mass,token,p10,0.099609375,3000,64,0.005580653963312762,0.0055176022078184984,-0.011427383330555818,0.04672921449287484,5.171836929840007e-05,0.9243333333333333,0.9530333333333335,0.9878048992673993
v2_to_v3,token_p10_read_norm,token,p10,0.099609375,3000,64,0.006079025384363817,0.0055176022078184984,-0.1017512961970648,0.05086571117428442,6.133755832884499e-05,0.917,0.9501333333333334,0.9860789987789988
v2_to_v3,token_p10_persistence,token,p10,0.099609375,3000,64,0.006252655246273846,0.0055176022078184984,-0.1332196506326191,0.05224888006101052,6.601097371079823e-05,0.9136666666666666,0.9486000000000001,0.985940811965812
v2_to_v3,token_p10_kv_drift,token,p10,0.099609375,3000,64,0.004174743547470916,0.0055176022078184984,0.24337721527745115,0.03583394084498286,3.106041766576449e-05,0.9156666666666666,0.9537666666666668,0.9884049145299145
v2_to_v3,token_p10_read_delta,token,p10,0.099609375,3000,64,0.00379832220416154,0.0055176022078184984,0.31159912202817397,0.03289398293383419,2.584840631457025e-05,0.9276666666666666,0.9565333333333335,0.9894724358974359
v2_to_v3,token_p20_attn_mass,token,p20,0.2001953125,3000,64,0.004655214936814011,0.0055176022078184984,0.15629747098884283,0.03942874508847793,3.58745938460881e-05,0.9363333333333334,0.9608666666666668,0.9910163308913308
v2_to_v3,token_p20_read_norm,token,p20,0.2001953125,3000,64,0.005019389290811728,0.0055176022078184984,0.09029518588723151,0.04225244224412988,4.192083213217066e-05,0.9356666666666666,0.9598666666666668,0.9905680708180709
v2_to_v3,token_p20_kv_drift,token,p20,0.2001953125,3000,64,0.0031105970914370347,0.0055176022078184984,0.43624114710022277,0.027412861437847217,1.7578212959386426e-05,0.9286666666666666,0.9599666666666669,0.9914343864468865
v2_to_v3,token_p20_read_delta,token,p20,0.2001953125,3000,64,0.0031298218429830146,0.0055176022078184984,0.4327568887535921,0.02734459493185083,1.7359647619248536e-05,0.9433333333333334,0.9653000000000002,0.9926016941391942
v2_to_v3,token_p40_read_norm,token,p40,0.400390625,3000,64,0.0026611908805398202,0.0055176022078184984,0.5176906960112337,0.02327771717340996,1.2533524788877634e-05,0.9533333333333334,0.9711333333333332,0.9949039224664223
v2_to_v3,token_p40_read_delta,token,p40,0.400390625,3000,64,0.0018632616816751091,0.0055176022078184984,0.6623059054465998,0.016527639937897524,6.176520218503542e-06,0.9636666666666667,0.9779,0.9966036782661782
v2_to_v3,token_p80_read_delta,token,p80,0.7998046875,3000,64,0.00023727374930939437,0.0055176022078184984,0.9569969453446326,0.002219482699409127,1.5584945256841822e-07,0.993,0.9947666666666667,0.9996022588522588
v3_to_v4,reuse,anchor,reuse,0.0,3000,64,0.020737443455058218,0.020737443455058218,0.0,0.1829214169550687,0.0006806643510532796,0.804,0.8787333333333333,0.9463865231990232
v3_to_v4,current_exact,anchor,current_exact,1.0,3000,64,0.0,0.020737443455058218,1.0,0.0,0.0,1.0,1.0,1.0
v3_to_v4,layer_1,layer,k1,0.16666666666666666,3000,64,0.001269603288084286,0.020737443455058218,0.9387772513600461,0.012683207597893972,3.3041445390145433e-06,0.975,0.9855666666666666,0.9980009004884005
v3_to_v4,layer_2,layer,k1,0.16666666666666666,3000,64,0.020957431908494837,0.020737443455058218,-0.01060827261149,0.1852412780188024,0.0006907381593956421,0.8043333333333333,0.8800666666666668,0.9476831043956044
v3_to_v4,layer_3,layer,k1,0.16666666666666666,3000,64,0.020142013334929373,0.020737443455058218,0.028712802589154762,0.1772476640548557,0.0006414360859361849,0.7916666666666666,0.8732666666666667,0.941502152014652
v3_to_v4,layer_4,layer,k1,0.16666666666666666,3000,64,0.020651128887186482,0.020737443455058218,0.004162256936772191,0.18220008450218786,0.0006740386959217348,0.8013333333333333,0.8781000000000001,0.9460855158730158
v3_to_v4,layer_5,layer,k1,0.16666666666666666,3000,64,0.020728525069866197,0.020737443455058218,0.00043006194140315923,0.1828218630356714,0.0006802205264820318,0.804,0.8787333333333333,0.9464046245421244
v3_to_v4,layer_6,layer,k1,0.16666666666666666,3000,64,0.02071760108225871,0.020737443455058218,0.000956837945936373,0.18275791509542613,0.0006793362062891235,0.804,0.8787666666666667,0.9466387057387058
v3_to_v4,layer_1_2,layer,k2,0.3333333333333333,3000,64,0.0012852619130235233,0.020737443455058218,0.9380221619020244,0.012904752868848542,3.5762101144440187e-06,0.98,0.9859666666666665,0.998173366910867
v3_to_v4,layer_3_4,layer,k2,0.3333333333333333,3000,64,0.020063819507642994,0.020737443455058218,0.032483461564348004,0.1765963020849352,0.0006354451673153547,0.7916666666666666,0.8728,0.9410732295482296
v3_to_v4,layer_5_6,layer,k2,0.3333333333333333,3000,64,0.02070881269646211,0.020737443455058218,0.0013806310627515472,0.182659903471979,0.0006788958768416225,0.804,0.8788333333333335,0.9466555860805861
v3_to_v4,layer_1_2_3,layer,k3,0.5,3000,64,0.0003084305512419676,0.020737443455058218,0.9851268768056973,0.0032546504934628804,1.8998400595876653e-07,0.996,0.9960666666666667,0.9998637515262515
v3_to_v4,layer_3_4_5,layer,k3,0.5,3000,64,0.020056332509250773,0.020737443455058218,0.03284449924039745,0.1765101831962044,0.0006350783571775274,0.7916666666666666,0.8728666666666667,0.9410925366300368
v3_to_v4,layer_4_5_6,layer,k3,0.5,3000,64,0.020623773229026462,0.020737443455058218,0.005481400167677397,0.18195184225433816,0.0006723204419772629,0.8016666666666666,0.8783666666666667,0.9463638125763126
v3_to_v4,layer_1_2_3_4,layer,k4,0.6666666666666666,3000,64,0.00010327796924826504,0.020737443455058218,0.9950197347386582,0.001088128571708997,2.621158883920043e-08,0.999,0.9990666666666667,0.9999733058608059
v3_to_v4,layer_3_4_5_6,layer,k4,0.6666666666666666,3000,64,0.02003820683648596,0.020737443455058218,0.0337185545599018,0.17636230641199896,0.0006338653583981091,0.792,0.873,0.941342735042735
v3_to_v4,window_128_896_1024,window,w128,0.125,3000,64,0.01830387274614791,0.020737443455058218,0.11735152957423589,0.16239814192615448,0.000541693859593935,0.8263333333333334,0.8921000000000001,0.9573214438339437
v3_to_v4,window_128_768_896,window,w128,0.125,3000,64,0.018245020983672647,0.020737443455058218,0.12018947643122446,0.1620148701450477,0.0005377387963953181,0.826,0.8924666666666669,0.9579419413919413
v3_to_v4,window_128_640_768,window,w128,0.125,3000,64,0.01832963849026841,0.020737443455058218,0.11610905510160663,0.16277743990533053,0.0005432305019865135,0.823,0.8919666666666667,0.9561642094017094
v3_to_v4,window_256_768_1024,window,w256,0.25,3000,64,0.015755727730902388,0.020737443455058218,0.24022805583302043,0.14070494340825826,0.00041289342301616464,0.8466666666666667,0.9063,0.9667297008547009
v3_to_v4,window_256_512_768,window,w256,0.25,3000,64,0.015831610587983595,0.020737443455058218,0.23656883635181203,0.14157981631470223,0.0004171031707192722,0.846,0.9060666666666666,0.9640374084249084
v3_to_v4,window_256_256_512,window,w256,0.25,3000,64,0.015842694435346766,0.020737443455058218,0.2360343515978358,0.14149427133363982,0.00041716065372499647,0.8436666666666667,0.9051666666666667,0.9643776862026862
v3_to_v4,window_512_512_1024,window,w512,0.5,3000,64,0.010634633755238347,0.020737443455058218,0.4871772030006728,0.09633122732055684,0.00020388567625436696,0.8946666666666667,0.9339,0.9805537851037851
v3_to_v4,window_768_256_1024,window,w768,0.75,3000,64,0.005327166630808497,0.020737443455058218,0.7431136271762029,0.04886459097266197,5.832483833553894e-05,0.9406666666666667,0.9643666666666668,0.9931859890109889
v3_to_v4,token_p10_attn_mass,token,p10,0.099609375,3000,64,0.014639940867831977,0.020737443455058218,0.2940334762305985,0.12773037513593832,0.0003729085722170115,0.8793333333333333,0.9273666666666668,0.9741857600732601
v3_to_v4,token_p10_read_norm,token,p10,0.099609375,3000,64,0.015740695657978226,0.020737443455058218,0.24095293172993315,0.13783648914347094,0.0004252607922918144,0.863,0.9182333333333332,0.9681022741147741
v3_to_v4,token_p10_persistence,token,p10,0.099609375,3000,64,0.017900580415488625,0.020737443455058218,0.1367990729290034,0.15920526913305125,0.0005238429666000613,0.84,0.8975,0.9574522893772894
v3_to_v4,token_p10_kv_drift,token,p10,0.099609375,3000,64,0.014492217066299749,0.020737443455058218,0.30115700627673814,0.12893869569400945,0.00035609008874770833,0.8636666666666667,0.9241333333333334,0.97889884004884
v3_to_v4,token_p10_read_delta,token,p10,0.099609375,3000,64,0.011055769511146498,0.020737443455058218,0.46686921485252775,0.09739070174998293,0.0002207810614117786,0.9106666666666666,0.9451,0.9842975427350427
v3_to_v4,token_p20_attn_mass,token,p20,0.2001953125,3000,64,0.01012465765047456,0.020737443455058218,0.5117692461746058,0.08893443659537782,0.00018962949087823674,0.9096666666666666,0.9460999999999999,0.9830564102564102
v3_to_v4,token_p20_read_norm,token,p20,0.2001953125,3000,64,0.010944581177349148,0.020737443455058218,0.47223093333235455,0.09637519235163927,0.00022266687608855635,0.8996666666666666,0.9399666666666668,0.9793580433455433
v3_to_v4,token_p20_kv_drift,token,p20,0.2001953125,3000,64,0.010891372846249229,0.020737443455058218,0.47479674291323326,0.09792327540460974,0.0002112704622055661,0.8963333333333333,0.9458333333333335,0.9881985347985348
v3_to_v4,token_p20_read_delta,token,p20,0.2001953125,3000,64,0.007451629899978937,0.020737443455058218,0.6406678616808305,0.06685366213104377,0.00010253014014658139,0.9273333333333333,0.9558333333333333,0.9884389346764346
v3_to_v4,token_p40_read_norm,token,p40,0.400390625,3000,64,0.005292424287669947,0.020737443455058218,0.7447889707745516,0.046726209659750266,6.21212964182827e-05,0.9243333333333333,0.9577333333333333,0.9883186202686204
v3_to_v4,token_p40_read_delta,token,p40,0.400390625,3000,64,0.0038819408383063527,0.020737443455058218,0.8128052357698181,0.035090625705507895,3.0099393695513918e-05,0.9366666666666666,0.9665,0.9922691086691087
v3_to_v4,token_p80_read_delta,token,p80,0.7998046875,3000,64,0.000570912005161802,0.020737443455058218,0.9724695087704966,0.004908616112234691,8.926468517135571e-07,0.979,0.9895,0.9989973137973138
v4_to_v5,reuse,anchor,reuse,0.0,3000,64,0.004434753681465039,0.004434753681465039,0.0,0.04402073942466329,4.715738740975786e-05,0.8693333333333333,0.9242333333333335,0.9751325854700855
v4_to_v5,current_exact,anchor,current_exact,1.0,3000,64,0.0,0.004434753681465039,1.0,0.0,0.0,1.0,1.0,1.0
v4_to_v5,layer_1,layer,k1,0.16666666666666666,3000,64,0.0033294687136796613,0.004434753681465039,0.2492325498042639,0.0353652873892958,2.1493164828616084e-05,0.9323333333333333,0.9552666666666667,0.9901940323565324
v4_to_v5,layer_2,layer,k1,0.16666666666666666,3000,64,0.004183372604246067,0.004434753681465039,0.056684338133505485,0.04125038756523281,4.2176597130098295e-05,0.853,0.9128666666666668,0.9690886752136751
v4_to_v5,layer_3,layer,k1,0.16666666666666666,3000,64,0.004341246176334971,0.004434753681465039,0.021085163201032153,0.04050011789922913,4.783360006395517e-05,0.9053333333333333,0.9432333333333333,0.98515260989011
v4_to_v5,layer_4,layer,k1,0.16666666666666666,3000,64,0.004325062270081063,0.004434753681465039,0.024734499199454918,0.0422224703617394,4.6391821072108094e-05,0.877,0.9307000000000001,0.9788711843711845
v4_to_v5,layer_5,layer,k1,0.16666666666666666,3000,64,0.004420692172891354,0.004434753681465039,0.0031707530076483526,0.043889779032208025,4.6788419745489045e-05,0.868,0.9243999999999999,0.9752938797313798
v4_to_v5,layer_6,layer,k1,0.16666666666666666,3000,64,0.004509969833162642,0.004434753681465039,-0.016960615425376746,0.0447832560967654,4.865762193188037e-05,0.87,0.9243000000000002,0.9752485347985348
v4_to_v5,layer_1_2,layer,k2,0.3333333333333333,3000,64,0.0032771402558753452,0.004434753681465039,0.26103218098175673,0.03404253660421819,2.087614240768818e-05,0.9296666666666666,0.9561000000000001,0.9891942155067156
v4_to_v5,layer_3_4,layer,k2,0.3333333333333333,3000,64,0.004559885767464795,0.004434753681465039,-0.028216242656890378,0.04183974685985595,5.2050762291561394e-05,0.9053333333333333,0.9449666666666667,0.9860942765567767
v4_to_v5,layer_5_6,layer,k2,0.3333333333333333,3000,64,0.0044981837388007595,0.004434753681465039,-0.01430294936127452,0.04467531685313831,4.832110699466841e-05,0.8696666666666667,0.9245666666666668,0.9753855158730159
v4_to_v5,layer_1_2_3,layer,k3,0.5,3000,64,0.000901671862171377,0.004434753681465039,0.7966805087867911,0.009897160216545065,1.9103622848068056e-06,0.9836666666666667,0.988,0.9987576007326008
v4_to_v5,layer_3_4_5,layer,k3,0.5,3000,64,0.004576150880912206,0.004434753681465039,-0.03188389020074189,0.04200076258337746,5.2107287845406596e-05,0.9046666666666666,0.9449666666666668,0.9861195360195361
v4_to_v5,layer_4_5_6,layer,k3,0.5,3000,64,0.004404171063664943,0.004434753681465039,0.0068961254664302585,0.04298995783273131,4.799153669226086e-05,0.8776666666666667,0.9313333333333335,0.9790734584859585
v4_to_v5,layer_1_2_3_4,layer,k4,0.6666666666666666,3000,64,0.00024791953655767994,0.004434753681465039,0.9440962104403104,0.0025230559796715775,1.29080494230661e-07,0.998,0.9979333333333332,0.9998723443223444
v4_to_v5,layer_3_4_5_6,layer,k4,0.6666666666666666,3000,64,0.004765596001046211,0.004434753681465039,-0.07460218612905622,0.043833046352801226,5.539593012899019e-05,0.906,0.9444666666666667,0.9859176587301587
v4_to_v5,window_128_896_1024,window,w128,0.125,3000,64,0.003936487240738619,0.004434753681465039,0.11235493028821752,0.03910359701700509,3.649328553278575e-05,0.884,0.9321,0.9797113705738705
v4_to_v5,window_128_768_896,window,w128,0.125,3000,64,0.003906665466234287,0.004434753681465039,0.11907949193162304,0.038770287275624774,3.619212532249858e-05,0.8836666666666667,0.9323666666666667,0.9796905372405372
v4_to_v5,window_128_640_768,window,w128,0.125,3000,64,0.0039038220147545174,0.004434753681465039,0.1197206665455941,0.038784316260678076,3.6155977269964526e-05,0.882,0.9323333333333333,0.9799277472527474
v4_to_v5,window_256_768_1024,window,w256,0.25,3000,64,0.0034119765942458415,0.004434753681465039,0.23062771028160445,0.033896909727094075,2.725647581877214e-05,0.8996666666666666,0.9405666666666668,0.983813492063492
v4_to_v5,window_256_512_768,window,w256,0.25,3000,64,0.003355746473509852,0.004434753681465039,0.24330713393730874,0.03335979852111389,2.646394028801435e-05,0.8996666666666666,0.9419333333333334,0.9844603632478632
v4_to_v5,window_256_256_512,window,w256,0.25,3000,64,0.0033461330276513164,0.004434753681465039,0.24547488586876653,0.033238191728790605,2.6496977994368468e-05,0.9016666666666666,0.9419333333333334,0.9849126373626375
v4_to_v5,window_512_512_1024,window,w512,0.5,3000,64,0.002328802640075097,0.004434753681465039,0.4748744107686794,0.0231964664341261,1.2660420891582379e-05,0.9276666666666666,0.9590666666666666,0.9913460775335776
v4_to_v5,window_768_256_1024,window,w768,0.75,3000,64,0.001209469525206136,0.004434753681465039,0.727274700675916,0.012060093961345653,3.351359511955723e-06,0.9666666666666667,0.9774333333333334,0.9970825702075702
v4_to_v5,token_p10_attn_mass,token,p10,0.099609375,3000,64,0.003306666029010078,0.004434753681465039,0.25437436518059175,0.033419558290392164,2.5713777335521556e-05,0.886,0.9330666666666666,0.980080753968254
v4_to_v5,token_p10_read_norm,token,p10,0.099609375,3000,64,0.0032381354330779156,0.004434753681465039,0.2698274434921526,0.032751623921096325,2.492944938902451e-05,0.8883333333333333,0.9335666666666667,0.9806824633699633
v4_to_v5,token_p10_persistence,token,p10,0.099609375,3000,64,0.003272025687274661,0.004434753681465039,0.26218547358108657,0.03349794405698776,2.518571834071871e-05,0.8893333333333333,0.9339000000000001,0.981676098901099
v4_to_v5,token_p10_kv_drift,token,p10,0.099609375,3000,64,0.0036911330074866767,0.004434753681465039,0.16768026532934843,0.036562132699415086,3.324118726884047e-05,0.8923333333333333,0.9380333333333335,0.9832758394383394
v4_to_v5,token_p10_read_delta,token,p10,0.099609375,3000,64,0.0029788301580399084,0.004434753681465039,0.3282986222008526,0.03029582452153166,2.1148601725650218e-05,0.8976666666666666,0.9374333333333333,0.9825453601953601
v4_to_v5,token_p20_attn_mass,token,p20,0.2001953125,3000,64,0.002902340133620727,0.004434753681465039,0.34554648530965826,0.02914978548542907,2.030885511630221e-05,0.9026666666666666,0.9392000000000001,0.9838513583638584
v4_to_v5,token_p20_read_norm,token,p20,0.2001953125,3000,64,0.0028457921023025937,0.004434753681465039,0.35829759515246073,0.028588691155426203,1.965171329867872e-05,0.9046666666666666,0.9400666666666666,0.9842807387057387
v4_to_v5,token_p20_kv_drift,token,p20,0.2001953125,3000,64,0.0028465862738163068,0.004434753681465039,0.35811851609401557,0.028307204109927018,2.0083339203022726e-05,0.9196666666666666,0.9526000000000001,0.9889096611721612
v4_to_v5,token_p20_read_delta,token,p20,0.2001953125,3000,64,0.0024973807463623534,0.004434753681465039,0.4368614525762492,0.025440172885234157,1.532374113243311e-05,0.9193333333333333,0.9475,0.9873196886446887
v4_to_v5,token_p40_read_norm,token,p40,0.400390625,3000,64,0.002216560442745211,0.004434753681465039,0.500184090943026,0.022293069393063584,1.1283584708226622e-05,0.9196666666666666,0.9507333333333334,0.9894843101343103
v4_to_v5,token_p40_read_delta,token,p40,0.400390625,3000,64,0.0017452710997889972,0.004434753681465039,0.6064559104864558,0.017648173423483966,7.955739584260673e-06,0.941,0.9626333333333333,0.993021978021978
v4_to_v5,token_p80_read_delta,token,p80,0.7998046875,3000,64,0.00036298473349282557,0.004434753681465039,0.9181499673792678,0.003781902352658411,4.206905878306594e-07,0.9833333333333333,0.9886333333333333,0.9990225885225885
