method,scale,nominal_budget,budget_unit,edges,relative_flops_percent,recovery_percent,executed_budgets
layer,all,0.0625,layer_fraction,15,18.56725618801379,39.00469050697745,"{""large"": [""layers_1""], ""max"": [""layers_1""], ""medium"": [""layers_1""]}"
layer,medium,0.0625,layer_fraction,5,21.578642314891013,62.79065300550368,"{""medium"": [""layers_1""]}"
layer,large,0.0625,layer_fraction,5,16.791665949995895,44.92505236458422,"{""large"": [""layers_1""]}"
layer,max,0.0625,layer_fraction,5,17.331460299154465,9.298366150844446,"{""max"": [""layers_1""]}"
layer,all,0.125,layer_fraction,15,24.378104243711007,40.32908613896029,"{""large"": [""layers_2""], ""max"": [""layers_2""], ""medium"": [""layers_1""]}"
layer,medium,0.125,layer_fraction,5,21.578642314891013,62.79065300550368,"{""medium"": [""layers_1""]}"
layer,large,0.125,layer_fraction,5,27.5460421703382,48.8454582630883,"{""large"": [""layers_2""]}"
layer,max,0.125,layer_fraction,5,24.009628245903812,9.351147148288906,"{""max"": [""layers_2""]}"
layer,all,0.25,layer_fraction,15,38.51373772311435,47.489150677164425,"{""large"": [""layers_3""], ""max"": [""layers_4""], ""medium"": [""layers_2""]}"
layer,medium,0.25,layer_fraction,5,39.874830639260054,75.67431178763199,"{""medium"": [""layers_2""]}"
layer,large,0.25,layer_fraction,5,38.3004183906805,59.200627138960854,"{""large"": [""layers_3""]}"
layer,max,0.25,layer_fraction,5,37.36596413940251,7.5925131049004335,"{""max"": [""layers_4""]}"
layer,all,0.5,layer_fraction,15,60.55934476154844,61.730077861351965,"{""large"": [""layers_5""], ""max"": [""layers_8""], ""medium"": [""layers_3""]}"
layer,medium,0.5,layer_fraction,5,57.79022752688029,94.2691751013219,"{""medium"": [""layers_3""]}"
layer,large,0.5,layer_fraction,5,59.80917083136511,73.05906331972372,"{""large"": [""layers_5""]}"
layer,max,0.5,layer_fraction,5,64.0786359263999,17.861995163010253,"{""max"": [""layers_8""]}"
layer,all,0.75,layer_fraction,15,92.16154283597002,87.6620396324028,"{""large"": [""layers_8""], ""max"": [""layers_12""], ""medium"": [""layers_5""]}"
layer,medium,0.75,layer_fraction,5,93.62102130212074,98.54398358820075,"{""medium"": [""layers_5""]}"
layer,large,0.75,layer_fraction,5,92.07229949239203,90.91368314006782,"{""large"": [""layers_8""]}"
layer,max,0.75,layer_fraction,5,90.79130771339729,73.52845216893982,"{""max"": [""layers_12""]}"
tail,all,0.03125,token_fraction,15,4.643858012566531,0.1705009709584186,"{""large"": [""fraction_0.03125""], ""max"": [""fraction_0.03125""], ""medium"": [""fraction_0.03125""]}"
tail,medium,0.03125,token_fraction,5,4.8937244531565245,0.22944899584819548,"{""medium"": [""fraction_0.03125""]}"
tail,large,0.03125,token_fraction,5,4.551025102186282,0.15672308536259077,"{""large"": [""fraction_0.03125""]}"
tail,max,0.03125,token_fraction,5,4.486824482356788,0.1253308316644696,"{""max"": [""fraction_0.03125""]}"
tail,all,0.0625,token_fraction,15,9.283270336595196,0.6801955723340186,"{""large"": [""fraction_0.0625""], ""max"": [""fraction_0.0625""], ""medium"": [""fraction_0.0625""]}"
tail,medium,0.0625,token_fraction,5,9.783393214108987,0.8002927648789946,"{""medium"": [""fraction_0.0625""]}"
tail,large,0.0625,token_fraction,5,9.097670445582333,0.5396858694914708,"{""large"": [""fraction_0.0625""]}"
tail,max,0.0625,token_fraction,5,8.96874735009427,0.7006080826315906,"{""max"": [""fraction_0.0625""]}"
tail,all,0.125,token_fraction,15,18.23077209298809,2.4274589802493884,"{""large"": [""fraction_0.125""], ""max"": [""fraction_0.125""], ""medium"": [""fraction_0.125""]}"
tail,medium,0.125,token_fraction,5,19.170056862681086,3.0149257503403364,"{""medium"": [""fraction_0.125""]}"
tail,large,0.125,token_fraction,5,17.886918242172236,2.034485243167665,"{""large"": [""fraction_0.125""]}"
tail,max,0.125,token_fraction,5,17.635341174110938,2.2329659472401637,"{""max"": [""fraction_0.125""]}"
tail,all,0.25,token_fraction,15,35.13104263968795,8.924258863338451,"{""large"": [""fraction_0.25""], ""max"": [""fraction_0.25""], ""medium"": [""fraction_0.25""]}"
tail,medium,0.25,token_fraction,5,36.76737819100789,10.538149510120423,"{""medium"": [""fraction_0.25""]}"
tail,large,0.25,token_fraction,5,34.55053996438666,7.387521527834814,"{""large"": [""fraction_0.25""]}"
tail,max,0.25,token_fraction,5,34.07520976366931,8.847105552060118,"{""max"": [""fraction_0.25""]}"
tail,all,0.5,token_fraction,15,64.95321389495481,29.629087784895493,"{""large"": [""fraction_0.5""], ""max"": [""fraction_0.5""], ""medium"": [""fraction_0.5""]}"
tail,medium,0.5,token_fraction,5,67.25629439328314,34.711911279995476,"{""medium"": [""fraction_0.5""]}"
tail,large,0.5,token_fraction,5,64.22048079709477,25.750485076753865,"{""large"": [""fraction_0.5""]}"
tail,max,0.5,token_fraction,5,63.38286649448655,28.42486699793713,"{""max"": [""fraction_0.5""]}"
deviation,all,0.03125,token_fraction,15,8.486009783349228,12.52121159651882,"{""large"": [""fraction_0.03125""], ""max"": [""fraction_0.03125""], ""medium"": [""fraction_0.03125""]}"
deviation,medium,0.03125,token_fraction,5,10.097376704451381,25.046525103378706,"{""medium"": [""fraction_0.03125""]}"
deviation,large,0.03125,token_fraction,5,8.45717991479481,8.367878704415407,"{""large"": [""fraction_0.03125""]}"
deviation,max,0.03125,token_fraction,5,6.903472730801494,4.149230981762345,"{""max"": [""fraction_0.03125""]}"
deviation,all,0.0625,token_fraction,15,13.123775661747777,20.01395106966253,"{""large"": [""fraction_0.0625""], ""max"": [""fraction_0.0625""], ""medium"": [""fraction_0.0625""]}"
deviation,medium,0.0625,token_fraction,5,14.984931743428685,39.598367045697934,"{""medium"": [""fraction_0.0625""]}"
deviation,large,0.0625,token_fraction,5,13.002359778707932,14.876591093618472,"{""large"": [""fraction_0.0625""]}"
deviation,max,0.0625,token_fraction,5,11.384035463106711,5.5668950696711805,"{""max"": [""fraction_0.0625""]}"
deviation,all,0.125,token_fraction,15,22.399515247869793,29.818538104729104,"{""large"": [""fraction_0.125""], ""max"": [""fraction_0.125""], ""medium"": [""fraction_0.125""]}"
deviation,medium,0.125,token_fraction,5,24.759503735385813,55.729102581316496,"{""medium"": [""fraction_0.125""]}"
deviation,large,0.125,token_fraction,5,22.093448303107216,24.492019453690595,"{""large"": [""fraction_0.125""]}"
deviation,max,0.125,token_fraction,5,20.345593705116357,9.23449227918022,"{""max"": [""fraction_0.125""]}"
deviation,all,0.25,token_fraction,15,40.95085355325129,45.4308018607112,"{""large"": [""fraction_0.25""], ""max"": [""fraction_0.25""], ""medium"": [""fraction_0.25""]}"
deviation,medium,0.25,token_fraction,5,44.309047358112835,72.36147382909262,"{""medium"": [""fraction_0.25""]}"
deviation,large,0.25,token_fraction,5,40.27506755882947,40.39016748331782,"{""large"": [""fraction_0.25""]}"
deviation,max,0.25,token_fraction,5,38.26844574281159,23.540764269723162,"{""max"": [""fraction_0.25""]}"
deviation,all,0.5,token_fraction,15,78.05352883972567,71.72067595396919,"{""large"": [""fraction_0.5""], ""max"": [""fraction_0.5""], ""medium"": [""fraction_0.5""]}"
deviation,medium,0.5,token_fraction,5,83.40803216157843,88.57693743983359,"{""medium"": [""fraction_0.5""]}"
deviation,large,0.5,token_fraction,5,76.63826698075782,66.35430889534832,"{""large"": [""fraction_0.5""]}"
deviation,max,0.5,token_fraction,5,74.11428737684078,60.23078152672565,"{""max"": [""fraction_0.5""]}"
query,all,0.03125,token_fraction,15,4.650159488614571,7.584614295379859,"{""large"": [""fraction_0.03125""], ""max"": [""fraction_0.03125""], ""medium"": [""fraction_0.03125""]}"
query,medium,0.03125,token_fraction,5,4.904300289922764,16.4350074345535,"{""medium"": [""fraction_0.03125""]}"
query,large,0.03125,token_fraction,5,4.5564463265415185,3.5373085127013377,"{""large"": [""fraction_0.03125""]}"
query,max,0.03125,token_fraction,5,4.489731849379431,2.7815269388847397,"{""max"": [""fraction_0.03125""]}"
query,all,0.0625,token_fraction,15,9.28792536701312,12.558551310457092,"{""large"": [""fraction_0.0625""], ""max"": [""fraction_0.0625""], ""medium"": [""fraction_0.0625""]}"
query,medium,0.0625,token_fraction,5,9.791855328900072,27.13986477407771,"{""medium"": [""fraction_0.0625""]}"
query,large,0.0625,token_fraction,5,9.101626190454642,7.251532572413177,"{""large"": [""fraction_0.0625""]}"
query,max,0.0625,token_fraction,5,8.97029458168465,3.2842565848803935,"{""max"": [""fraction_0.0625""]}"
query,all,0.125,token_fraction,15,18.563664953135138,23.97989352860661,"{""large"": [""fraction_0.125""], ""max"": [""fraction_0.125""], ""medium"": [""fraction_0.125""]}"
query,medium,0.125,token_fraction,5,19.566427320857198,42.63564760410138,"{""medium"": [""fraction_0.125""]}"
query,large,0.125,token_fraction,5,18.192714714853924,18.8811511899489,"{""large"": [""fraction_0.125""]}"
query,max,0.125,token_fraction,5,17.931852823694292,10.422881791769552,"{""max"": [""fraction_0.125""]}"
query,all,0.25,token_fraction,15,37.11500325851664,50.064426982082004,"{""large"": [""fraction_0.25""], ""max"": [""fraction_0.25""], ""medium"": [""fraction_0.25""]}"
query,medium,0.25,token_fraction,5,39.115970943584216,66.19897408076609,"{""medium"": [""fraction_0.25""]}"
query,large,0.25,token_fraction,5,36.374333970576174,48.470608785218694,"{""large"": [""fraction_0.25""]}"
query,max,0.25,token_fraction,5,35.85470486138953,35.52369808026123,"{""max"": [""fraction_0.25""]}"
query,all,0.5,token_fraction,15,74.21767854499102,74.21477837822195,"{""large"": [""fraction_0.5""], ""max"": [""fraction_0.5""], ""medium"": [""fraction_0.5""]}"
query,medium,0.5,token_fraction,5,78.21495574704981,89.1488647914568,"{""medium"": [""fraction_0.5""]}"
query,large,0.5,token_fraction,5,72.73753339250453,77.36112182532783,"{""large"": [""fraction_0.5""]}"
query,max,0.5,token_fraction,5,71.7005464954187,56.13434851788121,"{""max"": [""fraction_0.5""]}"
query_only,all,128,calibration_users,15,1.4853511082742898,11.955424486790058,"{""large"": [""128""], ""max"": [""128""], ""medium"": [""128""]}"
query_only,medium,128,calibration_users,5,1.4941176439288486,76.5203588514833,"{""medium"": [""128""]}"
query_only,large,128,calibration_users,5,1.5103206365461426,42.7125716756546,"{""large"": [""128""]}"
query_only,max,128,calibration_users,5,1.4516150443478781,-83.36665706676773,"{""max"": [""128""]}"
query_only,all,256,calibration_users,15,2.792946966450321,33.34645333610658,"{""large"": [""256""], ""max"": [""256""], ""medium"": [""256""]}"
query_only,medium,256,calibration_users,5,2.793047992128416,86.13807505488566,"{""medium"": [""256""]}"
query_only,large,256,calibration_users,5,2.856131356728221,31.099439556457924,"{""large"": [""256""]}"
query_only,max,256,calibration_users,5,2.7296615504943254,-17.19815460302386,"{""max"": [""256""]}"
query_only,all,512,calibration_users,15,5.426701260677059,37.324834858939646,"{""large"": [""512""], ""max"": [""512""], ""medium"": [""512""]}"
query_only,medium,512,calibration_users,5,5.438520367757593,87.98260031533577,"{""medium"": [""512""]}"
query_only,large,512,calibration_users,5,5.564598386988247,36.55891722701469,"{""large"": [""512""]}"
query_only,max,512,calibration_users,5,5.276985027285335,-12.567012965531523,"{""max"": [""512""]}"
history_conditioned,all,64,calibration_users,15,72.11214542126997,69.36596482371904,"{""large"": [""64""], ""max"": [""64""], ""medium"": [""64""]}"
history_conditioned,medium,64,calibration_users,5,61.119997698627415,75.88514023054418,"{""medium"": [""64""]}"
history_conditioned,large,64,calibration_users,5,78.04517639917394,65.37602257208069,"{""large"": [""64""]}"
history_conditioned,max,64,calibration_users,5,77.17126216600855,66.83673166853228,"{""max"": [""64""]}"
history_conditioned,all,128,calibration_users,15,74.2219849887752,70.94600747989377,"{""large"": [""128""], ""max"": [""128""], ""medium"": [""128""]}"
history_conditioned,medium,128,calibration_users,5,63.01518449599648,77.65187602862235,"{""medium"": [""128""]}"
history_conditioned,large,128,calibration_users,5,80.3168463410403,67.97620093117692,"{""large"": [""128""]}"
history_conditioned,max,128,calibration_users,5,79.33392412928883,67.20994547988204,"{""max"": [""128""]}"
history_conditioned,all,256,calibration_users,15,78.43768916298015,71.69140675697456,"{""large"": [""256""], ""max"": [""256""], ""medium"": [""256""]}"
history_conditioned,medium,256,calibration_users,5,66.78045445426991,78.95405815053212,"{""medium"": [""256""]}"
history_conditioned,large,256,calibration_users,5,84.87366929553934,66.54507279647473,"{""large"": [""256""]}"
history_conditioned,max,256,calibration_users,5,83.65894373913117,69.57508932391681,"{""max"": [""256""]}"
