teacher_users,medium_teachers,outside_medium_teachers,edge,arm,auc,recovery_percent,compute_percent
32,32,0,v0_to_v1,shared,0.6005218987728206,60.97746489911226,0.3783627062394297
32,32,0,v0_to_v1,personal,0.6095597087018457,172.44408908427488,0.43997866053892104
32,32,0,v1_to_v2,shared,0.6267349943885177,-8.6004701863676,0.3783600932342761
32,32,0,v1_to_v2,personal,0.6189466559725334,-70.79218876822412,0.4389700405496512
32,32,0,v2_to_v3,shared,0.6659004820374086,50.65419907122487,0.37835579769534194
32,32,0,v2_to_v3,personal,0.6650745688395555,45.59530060383277,0.4373119625210721
32,32,0,v3_to_v4,shared,0.6346586173805069,16.790193242682776,0.37835430180478663
32,32,0,v3_to_v4,personal,0.6603831432003575,77.72352640963938,0.43673454876671064
64,64,0,v0_to_v1,shared,0.601016329925735,67.07546562496809,0.7565474398483119
64,64,0,v0_to_v1,personal,0.60480080861865,113.75082918236745,0.8211531990360991
64,64,0,v1_to_v2,shared,0.6266260520884536,-9.47040013873595,0.7565448268431583
64,64,0,v1_to_v2,personal,0.6297693442351289,15.629528776189797,0.8201445790468291
64,64,0,v2_to_v3,shared,0.6656022098411012,48.82721681608282,0.7565405313042242
64,64,0,v2_to_v3,personal,0.6650387882615393,45.37613675978809,0.8184865010182502
64,64,0,v3_to_v4,shared,0.6348793173036316,17.31296213801069,0.7565390354136687
64,64,0,v3_to_v4,personal,0.6624927930499194,82.72062521135088,0.8179090872638887
128,128,0,v0_to_v1,shared,0.6017045484825543,75.56351746857551,1.5129169070660762
128,128,0,v0_to_v1,personal,0.6033022005273627,95.2679460254757,1.5835022760304553
128,128,0,v1_to_v2,shared,0.6244609499916146,-26.759250868597206,1.5129142940609226
128,128,0,v1_to_v2,personal,0.6276554285651037,-1.2505862668553196,1.5824936560411853
128,128,0,v2_to_v3,shared,0.6629404503255121,32.52335925697951,1.5129099985219885
128,128,0,v2_to_v3,personal,0.6650013687577392,45.146934137869756,1.580835578012606
128,128,0,v3_to_v4,shared,0.6379027497904305,24.474525399315105,1.512908502631433
128,128,0,v3_to_v4,personal,0.6613150425368052,79.93090364735752,1.580258164258245
256,256,0,v0_to_v1,shared,0.6016058789791743,74.34659029947522,3.025655841501605
256,256,0,v0_to_v1,personal,0.6041565350008816,105.80476638748924,3.1082004300191675
256,256,0,v1_to_v2,shared,0.6247084172094737,-24.783166786305692,3.0256532284964512
256,256,0,v1_to_v2,personal,0.6259395283242374,-14.95245426420426,3.1071918100298976
256,256,0,v2_to_v3,shared,0.6632834214558959,34.624132232116295,3.025648932957517
256,256,0,v2_to_v3,personal,0.6639824540435022,38.90585928925874,3.105533732001318
256,256,0,v3_to_v4,shared,0.6374620154699157,23.43056403038214,3.025647437066962
256,256,0,v3_to_v4,personal,0.6615929232369377,80.58911586866031,3.104956318246957
512,512,0,v0_to_v1,shared,0.602083834325874,80.24138886530554,6.051133710372662
512,512,0,v0_to_v1,personal,0.6031614375328526,93.53186439381271,6.157596737996592
512,512,0,v1_to_v2,shared,0.6241292602672168,-29.407871523537487,6.0511310973675085
512,512,0,v1_to_v2,personal,0.6255321649417512,-18.205346921274298,6.156588118007321
512,512,0,v2_to_v3,shared,0.6622175329856211,28.09533288286167,6.051126801828575
512,512,0,v2_to_v3,personal,0.664297389530254,40.83490783261343,6.154930039978742
512,512,0,v3_to_v4,shared,0.6381194793872088,24.98788983682178,6.051125305938019
512,512,0,v3_to_v4,personal,0.6619428844129058,81.41806412916851,6.154352626224381
1024,1024,0,v0_to_v1,shared,0.6021033189713549,80.48170014339873,12.102089448114777
1024,1024,0,v0_to_v1,personal,0.602509621959714,85.49278389758163,12.25638935395144
1024,1024,0,v1_to_v2,shared,0.6243539468760324,-27.61369597565787,12.102086835109624
1024,1024,0,v1_to_v2,personal,0.6248596403758773,-23.575614147256577,12.25538073396217
1024,1024,0,v2_to_v3,shared,0.6625473891964964,30.115774115662113,12.10208253957069
1024,1024,0,v2_to_v3,personal,0.6640513029793739,39.32757403733172,12.253722655933592
1024,1024,0,v3_to_v4,shared,0.6382818711783875,25.372545055921524,12.102081043680133
1024,1024,0,v3_to_v4,personal,0.6610530852861676,79.31040908351667,12.25314524217923
2048,2048,0,v0_to_v1,shared,0.6020350007322013,79.63910624636668,24.204000923599008
2048,2048,0,v0_to_v1,personal,0.6032729631577485,94.90735082414409,24.45397458586114
2048,2048,0,v1_to_v2,shared,0.6245219302617852,-26.272309033390297,24.203998310593853
2048,2048,0,v1_to_v2,personal,0.6249632634701761,-22.748159307083586,24.45296596587187
2048,2048,0,v2_to_v3,shared,0.6626100530759,30.499604043916285,24.20399401505492
2048,2048,0,v2_to_v3,personal,0.6644350909152359,41.678358848111976,24.45130788784329
2048,2048,0,v3_to_v4,shared,0.6381922236327738,25.16019813832494,24.203992519164363
2048,2048,0,v3_to_v4,personal,0.6605501655756031,78.1191500300103,24.450730474088928
4096,3585,511,v0_to_v1,shared,0.6021252243046177,80.75186665161516,48.40782387456746
4096,3585,511,v0_to_v1,personal,0.6029332801447711,90.71791565710943,48.84914504968053
4096,3585,511,v1_to_v2,shared,0.6244164676525406,-27.11445283412543,48.40782126156231
4096,3585,511,v1_to_v2,personal,0.6247246965670262,-24.65317227791045,48.848136429691266
4096,3585,511,v2_to_v3,shared,0.6626480294280104,30.732217483182687,48.407816966023375
4096,3585,511,v2_to_v3,personal,0.6642668524607742,40.64786162195674,48.84647835166268
4096,3585,511,v3_to_v4,shared,0.6380620229174823,24.851793481267453,48.40781547013282
4096,3585,511,v3_to_v4,personal,0.6601008127846293,77.05477420774423,48.84590093790832
7144,3585,3559,v0_to_v1,shared,0.6020952342523962,80.38198833966595,84.42991975081348
7144,3585,3559,v0_to_v1,personal,0.6030479677930819,92.13240048178847,85.15601984153673
7144,3585,3559,v1_to_v2,shared,0.624413877993192,-27.13513187461183,84.42991713780835
7144,3585,3559,v1_to_v2,personal,0.6244238974044461,-27.055124513376356,85.15501122154747
7144,3585,3559,v2_to_v3,shared,0.6626053576325776,30.470843429496252,84.4299128422694
7144,3585,3559,v2_to_v3,personal,0.6642434086199275,40.50426298370076,85.15335314351888
7144,3585,3559,v3_to_v4,shared,0.6382693947658751,25.34299234790764,84.42991134637884
7144,3585,3559,v3_to_v4,personal,0.6600135481372252,76.84807162861001,85.15277572976453
