run,target,users,mean_user_probability_recovery,median_user_probability_recovery,fraction_users_harmed,mean_reuse_probability_gap,mean_method_probability_gap
v0_canary_01,1,2,0.8082806468009949,0.8082806468009949,0.0,0.00341523950919505,0.00056648720055815
v0_canary_01,2,2,0.07105451822280884,0.07105451822280884,0.5,0.0035651684738695,0.0015547894872724498
v0_score_01,1,8,-0.2196929231286049,0.44656994938850403,0.375,0.005081432289443875,0.003943981835618562
v0_score_01,2,8,-0.543850302696228,0.058916211128234794,0.375,0.008673484087921637,0.00909551093354815
v0_short_01,1,8,-2.9182424768805504,-0.07820847630500793,0.5,0.005081432289443875,0.004897878854535463
v0_short_01,2,8,-3.2604027092456818,-0.44766563177108765,0.625,0.008673484087921637,0.012959359213709774
v1_cal128_01,1,128,0.07281780848279594,0.6412997245788574,0.15625,0.00832393586460962,0.0023090814938768267
v1_cal128_01,2,128,-0.9511387683451176,0.1032657921314239,0.4296875,0.004912187265290361,0.004410328714584413
v1_local_01,1,8,-1.5298106297850609,-0.5844199061393738,0.5,0.005081432289443875,0.004774304688908125
v1_local_01,2,8,-1.3993366658687592,-0.15608751773834226,0.75,0.008673484087921637,0.012412992888130225
v2_functional128_01,1,128,-0.5818121773190796,0.5960437059402466,0.25,0.00832393586460962,0.003306635480839707
v2_functional128_01,2,128,-2.9273258512839675,-1.033511400222778,0.7578125,0.004912187265290361,0.008429921101196617
v2_functional_canary_01,1,2,-0.0156894922256469,-0.0156894922256469,1.0,0.00341523950919505,0.00346436491236085
v2_functional_canary_01,2,2,-0.04156750440597525,-0.04156750440597525,1.0,0.0035651684738695,0.0037118308246135
v2_ridge128_01,1,128,0.42696259496733546,0.7989761233329773,0.125,0.00832393586460962,0.0020484473134274087
v2_ridge128_01,2,128,-0.740136781707406,0.3055996894836426,0.375,0.004912187265290361,0.004497112691751631
v2_ridge_adjacent128_01,1,128,0.42696259496733546,0.7989761233329773,0.125,0.00832393586460962,0.0020484473134274087
v2_ridge_adjacent128_01,2,128,0.11375507013872266,0.6116661131381989,0.21875,0.004912187265290361,0.002207815065048589
v2_ridge_cal512_probe_01,1,128,0.5354972491040826,0.8322658240795135,0.09375,0.00832393586460962,0.0017685539714875134
v2_ridge_canary_01,1,2,-71.39186927676201,-71.39186927676201,0.5,0.00341523950919505,0.1522441147826612
v2_ridge_canary_01,2,2,-15.630950212478638,-15.630950212478638,1.0,0.0035651684738695,0.037532323971390655
v2_ridge_rank128_probe_01,1,128,0.42650014627724886,0.7992865443229675,0.125,0.00832393586460962,0.0020495006101554736
v2_ridge_score128_01,1,128,0.3906710580922663,0.7944426238536835,0.140625,0.00832393586460962,0.0021852241334272115
v2_ridge_score128_01,2,128,0.1255827215500176,0.6282590925693512,0.2109375,0.004912187265290361,0.00214340879028891
v2_ridge_score_canary_01,1,4,-11.257886663079262,-1.8288956880569458,0.75,0.00418937997892495,0.01304708328098055
v2_ridge_score_canary_01,2,4,0.26353561878204346,0.3889504969120025,0.25,0.005902391392737575,0.0033890265040099
v3_banded_quality128_01,1,128,0.4268475277349353,0.7991151511669159,0.125,0.00832393586460962,0.002048608184850262
v3_banded_quality128_01,2,128,0.25939790718257427,0.6321676671504974,0.1953125,0.004912187265290361,0.002111998197506135
v3_five_edge_canary_01,1,4,-11.438554510474205,-1.9227694272994995,0.75,0.00418937997892495,0.013482461683452074
v3_five_edge_canary_01,2,4,0.29236024618148804,0.28807294368743896,0.5,0.005902391392737575,0.002370043657720025
v3_five_edge_canary_01,3,4,-2.2581738084554672,-1.1540462970733643,0.75,0.00360543397255235,0.0042153249960392245
v3_five_edge_canary_01,4,4,-0.18712763488292697,0.8837074041366577,0.25,0.014155847486108474,0.0017517597880214002
v3_five_edge_canary_01,5,4,-0.31027910113334656,-0.07871234416961673,0.5,0.0044565133284777,0.0040983618237077505
v3_five_edges512_01,1,512,0.2809942776802927,0.8181841969490051,0.09765625,0.008972102177722215,0.001974597524167573
v3_five_edges512_01,2,512,0.160316419089213,0.6565909385681152,0.203125,0.0048336370236938325,0.0018821313569787421
v3_five_edges512_01,3,512,0.011266994173638516,0.6455593705177307,0.197265625,0.00554752159223421,0.0022598837622353563
v3_five_edges512_01,4,512,0.6834173812530935,0.8607999384403229,0.0546875,0.021532517657760715,0.004219915277644712
v3_five_edges512_01,5,512,-0.31869528524111956,0.5640652477741241,0.236328125,0.004621846612280886,0.00221595291804983
v3_frozen_eval_canary_01,1,8,-0.4165326878428459,0.7517359554767609,0.25,0.005081432289443875,0.0018017148831858624
v3_frozen_eval_canary_01,2,8,-0.01648057997226715,0.667584240436554,0.125,0.008673484087921637,0.003327545942738587
v3_quality128_01,1,128,0.4268475277349353,0.7991151511669159,0.125,0.00832393586460962,0.002048608184850262
v3_quality128_01,2,128,0.25939790718257427,0.6321676671504974,0.1953125,0.004912187265290361,0.002111998197506135
v3_query_only128_01,1,128,0.4268475277349353,0.7991151511669159,0.125,0.00832393586460962,0.002048608184850262
v3_query_only128_01,2,128,0.25939790718257427,0.6321676671504974,0.1953125,0.004912187265290361,0.002111998197506135
v3_query_only_canary_01,1,4,-11.438554510474205,-1.9227694272994995,0.75,0.00418937997892495,0.013482461683452074
v3_query_only_canary_01,2,4,0.2923605293035507,0.28807520866394043,0.5,0.005902391392737575,0.0023700417950749003
v4_batch_canary_01,1,4,-12.152045339345932,-1.914746642112732,0.75,0.00418937997892495,0.0137135926634073
v4_batch_canary_01,2,4,0.374661847949028,0.4194645881652832,0.25,0.005902391392737575,0.002813725732266825
v4_cal512_01,1,128,0.5913456715643406,0.8238562345504761,0.09375,0.00832393586460962,0.0017413651003152575
v4_cal512_01,2,128,0.4760718601755798,0.7048264145851135,0.1640625,0.004912187265290361,0.0015927745480439218
v4_cal512_01,3,128,0.0207063565030694,0.7448620200157166,0.1171875,0.006175870039442037,0.0016764790052547546
v4_cal512_01,4,128,0.7526548211462796,0.8742533624172211,0.046875,0.022580217824724923,0.003236091091821389
v4_cal512_01,5,128,0.047125528100878,0.6111167967319489,0.1796875,0.004978650234988844,0.0019048925460082946
v4_cal512_quality512_01,1,512,0.4251492933835834,0.8348235189914703,0.09375,0.008972102177722215,0.0016954510319919308
v4_cal512_quality512_01,2,512,0.37085471535101533,0.7260468602180481,0.158203125,0.0048336370236938325,0.0014206969899532395
v4_cal512_quality512_01,3,512,0.28564442379865795,0.7378804087638855,0.158203125,0.00554752159223421,0.0015118102310224886
v4_cal512_quality512_01,4,512,0.7696958957239985,0.8770637810230255,0.033203125,0.021532517657760715,0.003202736301318461
v4_cal512_quality512_01,5,512,0.06464465998578817,0.6501936316490173,0.189453125,0.004621846612280886,0.0017505405830888297
v4_full_history512_01,1,512,0.34171677380800247,0.8152634501457214,0.095703125,0.008972102177722215,0.0018917259531007853
v4_full_history512_01,2,512,0.18231015477795154,0.6398090720176697,0.201171875,0.0048336370236938325,0.0018745328452495864
v4_full_history512_01,3,512,0.05737736518494785,0.6525367498397827,0.20703125,0.00554752159223421,0.0022484171422547175
v4_full_history512_01,4,512,0.6952645883429796,0.8625466227531433,0.05078125,0.021532517657760715,0.004060767587361576
v4_full_history512_01,5,512,-0.1990959094837308,0.6008825600147247,0.216796875,0.004621846612280886,0.0020141397781116644
v4_full_history_canary_01,1,4,-12.152000099420547,-1.914736032485962,0.75,0.00418937997892495,0.0137135649565607
v4_full_history_canary_01,2,4,0.3746665269136429,0.4194670021533966,0.25,0.005902391392737575,0.0028136998880654
v4_prepare_canary_01,1,4,-12.15196718275547,-1.914725422859192,0.75,0.00418937997892495,0.013713537482544726
v4_prepare_canary_01,2,4,0.37466487288475037,0.41946497559547424,0.25,0.005902391392737575,0.0028137264307588
v4_release_batch_canary_01,1,4,0.8233615905046463,0.8196108937263489,0.0,0.00418937997892495,0.0005463866982608626
v4_release_batch_canary_01,2,4,0.6449363976716995,0.7481148838996887,0.0,0.005902391392737575,0.0017968770116567
v4_score512_01,1,128,0.5994931887835264,0.8172032535076141,0.09375,0.00832393586460962,0.0016977729537756643
v4_score512_01,2,128,0.4262251709587872,0.7109285295009613,0.171875,0.004912187265290361,0.0016221170808420997
v4_score512_01,3,128,0.027633923571556807,0.7433948814868927,0.109375,0.006175870039442037,0.001656255524721875
v4_score512_01,4,128,0.7495187199674547,0.8678219318389893,0.046875,0.022580217824724923,0.0032189807971007628
v4_score512_01,5,128,0.07971139112487435,0.6175893545150757,0.2109375,0.004978650234988844,0.001949554425664197
v4_score_canary_01,1,4,-12.142184644937515,-1.9087677001953125,0.75,0.00418937997892495,0.013678293908014826
v4_score_canary_01,2,4,0.4015611708164215,0.4220455586910247,0.25,0.005902391392737575,0.0029160126578062495
v5_batch_prefix_canary_02,1,4,-11.84508612751961,-1.8710891008377075,0.75,0.00418937997892495,0.0134577872231602
v5_batch_prefix_canary_02,2,4,0.41316917538642883,0.5663805603981018,0.25,0.005902391392737575,0.003785417415201625
v5_budget64_01,1,128,0.4041788731701672,0.7539097666740417,0.1640625,0.00832393586460962,0.002499460708349893
v5_budget64_01,2,128,0.08119218423962593,0.565099686384201,0.2734375,0.004912187265290361,0.002675814575923096
v5_budget64_01,3,128,-0.10239355638623239,0.5534709692001343,0.265625,0.006175870039442037,0.0029204943712101746
v5_budget64_01,4,128,0.340117531362921,0.8070966601371765,0.1328125,0.022580217824724923,0.005004135680792336
v5_budget64_01,5,128,-0.5316571146249771,0.46784836053848267,0.3125,0.004978650234988844,0.0028516002057585354
v5_budget64_quality512_01,1,512,0.1986413064878434,0.7741789519786835,0.125,0.008972102177722215,0.0023016744798951064
v5_budget64_quality512_01,2,512,-0.1381146633066237,0.48369088768959045,0.265625,0.0048336370236938325,0.0025033342735695887
v5_budget64_quality512_01,3,512,-0.16692325577605516,0.5011008977890015,0.296875,0.00554752159223421,0.0027322618625475526
v5_budget64_quality512_01,4,512,0.4640875431941822,0.8096492290496826,0.11328125,0.021532517657760715,0.005160476392120422
v5_budget64_quality512_01,5,512,-0.7506936127319932,0.4047839641571045,0.33203125,0.004621846612280886,0.002917167339546673
v5_budget_canary_01,1,4,-11.84508612751961,-1.8710891008377075,0.75,0.00418937997892495,0.0134577872231602
v5_budget_canary_01,2,4,0.41316917538642883,0.5663805603981018,0.25,0.005902391392737575,0.003785417415201625
v5_compiled_canary_01,1,4,0.38635097444057465,0.7101401686668396,0.25,0.00418937997892495,0.0015034626703708852
v5_compiled_canary_01,2,4,0.7941791713237762,0.8380804359912872,0.0,0.005902391392737575,0.0013420099858194273
v5_compiled_canary_02,1,4,0.38635097444057465,0.7101401686668396,0.25,0.00418937997892495,0.0015034626703708852
v5_compiled_canary_02,2,4,0.7941791713237762,0.8380804359912872,0.0,0.005902391392737575,0.0013420099858194273
v5_compiled_canary_03,1,4,0.38635097444057465,0.7101401686668396,0.25,0.00418937997892495,0.0015034626703708852
v5_compiled_canary_03,2,4,0.7941791713237762,0.8380804359912872,0.0,0.005902391392737575,0.0013420099858194273
v5_compiled_canary_04,1,4,0.38635097444057465,0.7101401686668396,0.25,0.00418937997892495,0.0015034626703708852
v5_compiled_canary_04,2,4,0.7941791713237762,0.8380804359912872,0.0,0.005902391392737575,0.0013420099858194273
v5_compiled_canary_04,3,4,-0.0759947597980499,-0.20727598667144773,0.75,0.00360543397255235,0.002134699374437275
v5_compiled_canary_04,4,4,-0.33600154519081116,0.8194323778152466,0.25,0.014155847486108474,0.0023659563157707253
v5_compiled_canary_04,5,4,0.7680007219314575,0.788843035697937,0.0,0.0044565133284777,0.0012583984062075
v5_compiled_guard_probe_01,1,4,0.38635097444057465,0.7101401686668396,0.25,0.00418937997892495,0.0015034626703708852
v5_compiled_guard_probe_01,2,4,0.7941791713237762,0.8380804359912872,0.0,0.005902391392737575,0.0013420099858194273
v5_compiled_quality512_01,1,512,0.2938408823683858,0.8104130625724792,0.12109375,0.008972102177722215,0.0019442065986367632
v5_compiled_quality512_01,2,512,0.13704099133610725,0.6399144232273102,0.197265625,0.0048336370236938325,0.001859736741607726
v5_compiled_quality512_01,3,512,-6.423285230994225e-05,0.6136323809623718,0.2421875,0.00554752159223421,0.002233192240964802
v5_compiled_quality512_01,4,512,0.6538397427648306,0.8686392307281494,0.078125,0.021532517657760715,0.004072469057064105
v5_compiled_quality512_01,5,512,-0.4476301771355793,0.5382106900215149,0.25,0.004621846612280886,0.002221787470261868
v5_efficient512_01,1,512,0.2938408823683858,0.8104130625724792,0.12109375,0.008972102177722215,0.0019442065986367632
v5_efficient512_01,2,512,0.13704099133610725,0.6399144232273102,0.197265625,0.0048336370236938325,0.001859736741607726
v5_efficient512_01,3,512,-6.423285230994225e-05,0.6136323809623718,0.2421875,0.00554752159223421,0.002233192240964802
v5_efficient512_01,4,512,0.6538397427648306,0.8686392307281494,0.078125,0.021532517657760715,0.004072469057064105
v5_efficient512_01,5,512,-0.4476301771355793,0.5382106900215149,0.25,0.004621846612280886,0.002221787470261868
v5_preparation_canary_01,1,4,-11.845047011971474,-1.871082663536072,0.75,0.00418937997892495,0.013457776978611901
v5_preparation_canary_01,2,4,0.4131750911474228,0.5663881003856659,0.25,0.005902391392737575,0.0037853810936212
v5_runtime_canary_01,1,4,-11.844991147518158,-1.8710660934448242,0.75,0.00418937997892495,0.013457713881507476
v5_runtime_canary_01,2,4,0.4131707102060318,0.5663745999336243,0.25,0.005902391392737575,0.00378545070998365
v5_runtime_quality512_01,1,512,0.29379138501826674,0.8104685246944427,0.12109375,0.008972102177722215,0.0019442980465100388
v5_runtime_quality512_01,2,512,0.136863965773955,0.6390348374843597,0.197265625,0.0048336370236938325,0.0018600666480778694
v5_runtime_quality512_01,3,512,-0.00017701357137411833,0.6137161552906036,0.2421875,0.00554752159223421,0.002233063874882597
v5_runtime_quality512_01,4,512,0.653852688963525,0.8686057031154633,0.078125,0.021532517657760715,0.004072672007168828
v5_runtime_quality512_01,5,512,-0.44764893781393766,0.5383952558040619,0.25,0.004621846612280886,0.0022217377954802456
v5_temporal512_01,1,512,0.29379149503074586,0.8104689717292786,0.12109375,0.008972102177722215,0.001944298021044186
v5_temporal512_01,2,512,0.13686383643653244,0.6390335857868195,0.197265625,0.0048336370236938325,0.0018600667044665416
v5_temporal512_01,3,512,-0.00017720100004226663,0.613716185092926,0.2421875,0.00554752159223421,0.0022330639840219637
v5_temporal512_01,4,512,0.6538528113160282,0.8686057031154633,0.078125,0.021532517657760715,0.004072671992616909
v5_temporal512_01,5,512,-0.44764843641314656,0.5383952558040619,0.25,0.004621846612280886,0.0022217375117179004
v5_temporal_canary_01,1,4,-11.844990953803062,-1.8710660934448242,0.75,0.00418937997892495,0.0134577129501849
v5_temporal_canary_01,2,4,0.4131704717874527,0.5663744509220123,0.25,0.005902391392737575,0.0037854509428143
v5_temporal_scalar_canary_01,1,4,-11.844990953803062,-1.8710660934448242,0.75,0.00418937997892495,0.0134577129501849
v5_temporal_scalar_canary_01,2,4,0.4131704717874527,0.5663744509220123,0.25,0.005902391392737575,0.0037854509428143
v6_clearance_canary_01,1,4,0.512921467423439,0.753290593624115,0.25,0.00418937997892495,0.0010408775415271252
v6_clearance_canary_01,2,4,0.7172486037015915,0.7204117476940155,0.0,0.005902391392737575,0.0013065619859844002
v6_clearance_canary_01,3,4,-0.18171092867851252,-0.05579972267150879,0.5,0.00360543397255235,0.002736314432695475
v6_clearance_canary_01,4,4,-3.008333146572113,0.7419163286685944,0.25,0.014155847486108474,0.004982294747605875
v6_clearance_canary_01,5,4,0.6064247190952301,0.6308897137641907,0.0,0.0044565133284777,0.0015054407995193498
v6_clearance_quality512_01,1,512,0.1986413064878434,0.7741789519786835,0.125,0.008972102177722215,0.0023016744798951064
v6_clearance_quality512_01,2,512,-0.1381146633066237,0.48369088768959045,0.265625,0.0048336370236938325,0.0025033342735695887
v6_clearance_quality512_01,3,512,-0.16692325577605516,0.5011008977890015,0.296875,0.00554752159223421,0.0027322618625475526
v6_clearance_quality512_01,4,512,0.4640875431941822,0.8096492290496826,0.11328125,0.021532517657760715,0.005160476392120422
v6_clearance_quality512_01,5,512,-0.7506936127319932,0.4047839641571045,0.33203125,0.004621846612280886,0.002917167339546673
v6_refit64_01,1,128,0.40425716573372483,0.7539011240005493,0.1640625,0.00832393586460962,0.0024989783487398636
v6_refit64_01,2,128,0.08111980510875583,0.5651061534881592,0.2734375,0.004912187265290361,0.002675894604180897
v6_refit64_01,3,128,-0.10249296436086298,0.5533376336097717,0.265625,0.006175870039442037,0.0029208168925833416
v6_refit64_01,4,128,0.34004859579727054,0.8071060478687286,0.1328125,0.022580217824724923,0.0050043201481457305
v6_refit64_01,5,128,-0.5310621978715062,0.4676337242126465,0.3125,0.004978650234988844,0.0028514284713309695
v6_refit64_quality128_01,1,128,0.40425716573372483,0.7539011240005493,0.1640625,0.00832393586460962,0.0024989783487398636
v6_refit64_quality128_01,2,128,0.08111980510875583,0.5651061534881592,0.2734375,0.004912187265290361,0.002675894604180897
v6_refit64_quality128_01,3,128,-0.10249296436086298,0.5533376336097717,0.265625,0.006175870039442037,0.0029208168925833416
v6_refit64_quality128_01,4,128,0.34004859579727054,0.8071060478687286,0.1328125,0.022580217824724923,0.0050043201481457305
v6_refit64_quality128_01,5,128,-0.5310621978715062,0.4676337242126465,0.3125,0.004978650234988844,0.0028514284713309695
v6_refit64_quality512_01,1,512,0.19868916377890855,0.7740995585918427,0.125,0.008972102177722215,0.0023013782520137716
v6_refit64_quality512_01,2,512,-0.13824368186760694,0.4835960566997528,0.265625,0.0048336370236938325,0.00250345069980535
v6_refit64_quality512_01,3,512,-0.16699599102139473,0.5010208487510681,0.296875,0.00554752159223421,0.0027324563161527735
v6_refit64_quality512_01,4,512,0.46401978854555637,0.8096348643302917,0.11328125,0.021532517657760715,0.005160702859939144
v6_refit64_quality512_01,5,512,-0.7505876662908122,0.4046709537506103,0.33203125,0.004621846612280886,0.0029168919027142224
v7_source_time64_01,1,128,0.22911068378016355,0.7550785541534424,0.140625,0.00832393586460962,0.0026485797934582894
v7_source_time64_01,2,128,-0.019560671411454678,0.46301552653312683,0.296875,0.004912187265290361,0.003052678410313044
v7_source_time64_01,3,128,-0.320604863576591,0.5217604637145996,0.2578125,0.006175870039442037,0.0030483697119052045
v7_source_time64_01,4,128,0.4368469826877117,0.8155907690525055,0.0625,0.022580217824724923,0.004481627387576693
v7_source_time64_01,5,128,-0.7883663522079587,0.46984559297561646,0.3046875,0.004978650234988844,0.0028599009383469326
v7_source_time64_quality128_01,1,128,0.22911068378016355,0.7550785541534424,0.140625,0.00832393586460962,0.0026485797934582894
v7_source_time64_quality128_01,2,128,-0.019560671411454678,0.46301552653312683,0.296875,0.004912187265290361,0.003052678410313044
v7_source_time64_quality128_01,3,128,-0.320604863576591,0.5217604637145996,0.2578125,0.006175870039442037,0.0030483697119052045
v7_source_time64_quality128_01,4,128,0.4368469826877117,0.8155907690525055,0.0625,0.022580217824724923,0.004481627387576693
v7_source_time64_quality128_01,5,128,-0.7883663522079587,0.46984559297561646,0.3046875,0.004978650234988844,0.0028599009383469326
v7_source_time_canary_01,1,4,-1.604637235403061,0.8927448093891144,0.25,0.00418937997892495,0.0012028629425912562
v7_source_time_canary_01,2,4,0.23534511029720306,0.44930294156074524,0.25,0.005902391392737575,0.0035206256434321
v7_source_time_canary_01,3,4,-2.258374646306038,-1.930321455001831,0.75,0.00360543397255235,0.0035413280129432
v7_source_time_canary_01,4,4,-0.09463368356227875,0.7471594214439392,0.25,0.014155847486108474,0.0033549263607709997
v7_source_time_canary_01,5,4,0.8130573928356171,0.8455595374107361,0.0,0.0044565133284777,0.0010784962214529237
v10_source_confidence64_01,1,8,-1.0907071754336357,0.7485613822937012,0.25,0.005081432289443875,0.0021679082419722847
v10_source_confidence64_01,2,8,0.33902572095394135,0.6353234350681305,0.125,0.008673484087921637,0.0030045650200917623
v10_source_confidence64_01,3,8,0.09498509019613266,0.650721937417984,0.375,0.007220863830298125,0.0023600823478772625
v10_source_confidence64_01,4,8,0.7877294570207596,0.7749468684196472,0.0,0.029295362764969413,0.007325660320930125
v10_source_confidence64_01,5,8,-0.0023627430200576782,0.544017493724823,0.25,0.009518255828879737,0.0068641646066680126
v10_source_confidence_canary_01,1,8,-9.373080484569073,-0.575719952583313,0.625,0.005081432289443875,0.011870575137436326
v10_source_confidence_canary_01,2,8,-1.2325063422322273,0.524405837059021,0.125,0.008673484087921637,0.005497698206454465
v10_source_confidence_canary_01,3,8,0.29513902962207794,0.7310781180858612,0.25,0.007220863830298125,0.0018902906449511
v10_source_confidence_canary_01,4,8,0.7151603698730469,0.7959282398223877,0.0,0.029295362764969413,0.006218939437530888
v10_source_confidence_canary_01,5,8,0.28826408833265305,0.6570441126823425,0.125,0.009518255828879737,0.005272664478979961
v11_adaptive_ridge64_01,1,8,-1.0819850116968155,0.7495215237140656,0.25,0.005081432289443875,0.002159626805223484
v11_adaptive_ridge64_01,2,8,0.09094291180372244,0.6153286099433899,0.125,0.008673484087921637,0.00400684261694545
v11_adaptive_ridge64_01,3,8,0.39895474910736084,0.7068730592727661,0.125,0.007220863830298125,0.0024415944935753378
v11_adaptive_ridge64_01,4,8,0.6041189581155777,0.8810474872589111,0.125,0.029295362764969413,0.0031474920688196626
v11_adaptive_ridge64_01,5,8,0.3939095214009285,0.7576700448989868,0.125,0.009518255828879737,0.0045273129362612494
v11_adaptive_ridge_canary_01,1,8,-9.801597118377686,-0.7053476572036744,0.75,0.005081432289443875,0.012915639439597674
v11_adaptive_ridge_canary_01,2,8,-1.2331420183181763,0.5235540270805359,0.125,0.008673484087921637,0.005499928141944059
v11_adaptive_ridge_canary_01,3,8,0.3412015214562416,0.538131833076477,0.25,0.007220863830298125,0.003190223593264775
v11_adaptive_ridge_canary_01,4,8,0.8668268546462059,0.865957498550415,0.0,0.029295362764969413,0.0037201654631644
v11_adaptive_ridge_canary_01,5,8,-0.09346825629472738,0.3701846897602081,0.125,0.009518255828879737,0.007338427123613587
v12_variance64_01,1,8,-1.1569774448871613,0.544579029083252,0.375,0.005081432289443875,0.002786581986583725
v12_variance64_01,2,8,0.3043905794620514,0.8198502659797668,0.125,0.008673484087921637,0.001530832261778375
v12_variance64_01,3,8,0.17665884643793106,0.6699210405349731,0.25,0.007220863830298125,0.002459901617839875
v12_variance64_01,4,8,0.8432133123278618,0.8696433305740356,0.0,0.029295362764969413,0.005870627588592415
v12_variance64_01,5,8,0.41372307389974594,0.5141337513923645,0.125,0.009518255828879737,0.004537386936135537
v12_variance_canary_01,1,8,-7.5270921215415,-0.9817054271697998,0.5,0.005081432289443875,0.009104140219278576
v12_variance_canary_01,2,8,0.00729234516620636,0.7473763525485992,0.25,0.008673484087921637,0.004544924013316574
v12_variance_canary_01,3,8,0.01121924072504038,0.44803774356842035,0.25,0.007220863830298125,0.0033573376713320127
v12_variance_canary_01,4,8,0.8279700130224228,0.8311320245265961,0.0,0.029295362764969413,0.004480861010961191
v12_variance_canary_01,5,8,-0.009286455810070038,0.6812144219875336,0.125,0.009518255828879737,0.006229894817806737
v13_observed_queries64_01,1,8,-2.360570594668389,0.256460964679718,0.125,0.005081432289443875,0.0044004470109939
v13_observed_queries64_01,2,8,0.684099555015564,0.7538470029830933,0.0,0.008673484087921637,0.002973980619572065
v13_observed_queries64_01,3,8,0.16620174795389175,0.45855602622032166,0.25,0.007220863830298125,0.0028308276087045123
v13_observed_queries64_01,4,8,0.7583069503307343,0.7307494580745697,0.0,0.029295362764969413,0.007887505576945775
v13_observed_queries64_01,5,8,-0.2517447918653488,0.6965253055095673,0.25,0.009518255828879737,0.0070745341945438875
v13_observed_queries_canary_01,1,8,-11.171587213873863,-0.9171342253684998,0.625,0.005081432289443875,0.012456295662559524
v13_observed_queries_canary_01,2,8,-0.8790956810116768,0.6001023054122925,0.125,0.008673484087921637,0.004807188175618612
v13_observed_queries_canary_01,3,8,0.33273105323314667,0.5278367400169373,0.125,0.007220863830298125,0.0025241824332624127
v13_observed_queries_canary_01,4,8,0.6282698288559914,0.7792557775974274,0.125,0.029295362764969413,0.005136277060955725
v13_observed_queries_canary_01,5,8,0.4947264641523361,0.5983899235725403,0.125,0.009518255828879737,0.005021206801757163
v9_stratified_calibration_canary_01,1,8,-9.569197654724121,-0.1824373602867126,0.625,0.005081432289443875,0.010727665852755237
v9_stratified_calibration_canary_01,2,8,-1.1578089147806165,0.4887145757675171,0.25,0.008673484087921637,0.006132001755759104
v9_stratified_calibration_canary_01,3,8,-0.0091167613863945,0.7172791659832001,0.25,0.007220863830298125,0.0019164211116730625
v9_stratified_calibration_canary_01,4,8,0.7922306656837463,0.7980103194713593,0.0,0.029295362764969413,0.0053582529071717995
v9_stratified_calibration_canary_01,5,8,0.1500261425971985,0.6915426850318909,0.125,0.009518255828879737,0.005345198558643426
v9_stratified_source64_01,1,8,-5.099555470049381,0.44623529911041254,0.375,0.005081432289443875,0.00552465661894525
v9_stratified_source64_01,2,8,0.5904345735907555,0.6809050440788269,0.125,0.008673484087921637,0.002882349421270125
v9_stratified_source64_01,3,8,-0.6562956795096397,0.6367228627204895,0.375,0.007220863830298125,0.0024646595120429247
v9_stratified_source64_01,4,8,0.7635072320699692,0.7544668018817902,0.0,0.029295362764969413,0.006502053583972113
v9_stratified_source64_01,5,8,0.4458075910806656,0.5642262697219849,0.25,0.009518255828879737,0.004991316120140201
v9_stratified_stable64_01,1,8,-1.0932017490267756,0.7481565475463867,0.25,0.005081432289443875,0.0021696503972634187
v9_stratified_stable64_01,2,8,0.3394259065389633,0.6353077292442322,0.125,0.008673484087921637,0.0030048111220821122
v9_stratified_stable64_01,3,8,0.0952162891626358,0.650974303483963,0.375,0.007220863830298125,0.0023598254192620004
v9_stratified_stable64_01,4,8,0.7880979478359222,0.77633336186409,0.0,0.029295362764969413,0.00732419849373395
v9_stratified_stable64_01,5,8,-0.004297100007534027,0.5437788665294647,0.25,0.009518255828879737,0.006870653247460674
convergence_six_pass64_02,1,8,-1.0921885520219803,0.7485323548316956,0.25,0.005081432289443875,0.0021684904349967508
convergence_six_pass64_02,2,8,0.34221822023391724,0.6379640102386475,0.125,0.008673484087921637,0.0029861365910619
convergence_six_pass64_02,3,8,0.0952233076095581,0.6509570181369781,0.375,0.007220863830298125,0.0023517298977821623
convergence_six_pass64_02,4,8,0.7911788746714592,0.7895499765872955,0.0,0.029295362764969413,0.007336460170336037
convergence_six_pass64_02,5,8,0.005229651927947998,0.5374936759471893,0.25,0.009518255828879737,0.006867777090519625
v14_source_kernel64_01,1,8,-0.4801849126815796,0.2002058029174804,0.375,0.005081432289443875,0.0035203781444579
v14_source_kernel64_01,2,8,0.4405076876282692,0.6627450585365295,0.125,0.008673484087921637,0.003112162812612912
v14_source_kernel64_01,3,8,0.4151288643479347,0.5268733501434326,0.125,0.007220863830298125,0.0031806369079276247
v14_source_kernel64_01,4,8,0.523594580590725,0.8202152252197266,0.125,0.029295362764969413,0.006971918395720349
v14_source_kernel64_01,5,8,0.25572652369737625,0.5179035067558289,0.25,0.009518255828879737,0.0065433033742010255
v14_source_kernel_canary_01,1,8,-7.107584550976753,-1.0910022556781769,0.5,0.005081432289443875,0.009321032324805825
v14_source_kernel_canary_01,2,8,0.2663336768746376,0.3781020939350128,0.375,0.008673484087921637,0.005326317274011626
v14_source_kernel_canary_01,3,8,-0.25244481116533274,0.345806360244751,0.375,0.007220863830298125,0.004839662811718838
v14_source_kernel_canary_01,4,8,0.6631201505661011,0.8381220698356628,0.125,0.029295362764969413,0.007075587869621775
v14_source_kernel_canary_01,5,8,-0.2787930741906166,0.5548214912414551,0.25,0.009518255828879737,0.0065177293727174
v15_query_view64_01,1,8,-3.752003431320191,0.36625438928604126,0.375,0.005081432289443875,0.005910660489462262
v15_query_view64_01,2,8,0.4952392280101776,0.7225986123085022,0.125,0.008673484087921637,0.0024219549959525128
v15_query_view64_01,3,8,0.3805669769644737,0.7215438187122345,0.25,0.007220863830298125,0.001848778687417443
v15_query_view64_01,4,8,0.756522960960865,0.8365635573863983,0.0,0.029295362764969413,0.004860793473198951
v15_query_view64_01,5,8,0.5277131497859955,0.6681569814682007,0.125,0.009518255828879737,0.005542336846701737
v15_query_view_canary_01,1,8,-8.570499300956726,-0.7769823670387268,0.75,0.005081432289443875,0.011517353355884512
v15_query_view_canary_01,2,8,-0.13506820052862167,0.6018928289413452,0.125,0.008673484087921637,0.004077456309460063
v15_query_view_canary_01,3,8,0.43217602372169495,0.7892330884933472,0.125,0.007220863830298125,0.0017068414017557625
v15_query_view_canary_01,4,8,0.7725023105740547,0.8568962514400482,0.0,0.029295362764969413,0.0043923474149778
v15_query_view_canary_01,5,8,-0.0895458236336708,0.6765148937702179,0.125,0.009518255828879737,0.006086360779590875
