branch,scale,edge,budget,method,baseline,requests,uids,method_auc,baseline_auc,delta_auc,ci95_low,ci95_high,bootstrap_mean_delta_auc,bootstrap_std_delta_auc,bootstrap_fraction_negative,replicates,seed
interventions,max,v0_to_v1,128,c128_drop_constant,c128_original,2236,256,0.5832171369203849,0.5832638433216681,-4.670640128323633e-05,-0.0026077148740855038,0.0021602942208125723,-0.00015130969320236289,0.0012045989048189612,0.53,400,17
interventions,max,v0_to_v1,128,c128_late_only,c128_original,2236,256,0.6421047954943132,0.5832638433216681,0.05884095217264507,0.011809313068755673,0.10889785768772828,0.055853187871588814,0.024992171230150746,0.0075,400,17
interventions,max,v0_to_v1,512,c512_drop_constant,c512_original,2236,256,0.6396589749198017,0.6403504574948965,-0.0006914825750947706,-0.001641162473719701,9.002640997876897e-05,-0.0006916920942969587,0.00045266308570762883,0.965,400,17
interventions,max,v0_to_v1,512,c512_late_only,c512_original,2236,256,0.660961650627005,0.6403504574948965,0.020611193132108463,0.003937005109766956,0.03699997289827857,0.018893781977956443,0.008751647905412864,0.0025,400,17
interventions,max,v3_to_v4,128,c128_drop_constant,c128_original,2739,256,0.5609769526459082,0.5477034284347316,0.013273524211176557,-0.003634581420300183,0.03627617176147197,0.01223815566259591,0.01109718627711708,0.1175,400,17
interventions,max,v3_to_v4,128,c128_late_only,c128_original,2739,256,0.5707514153827071,0.5477034284347316,0.023047986947975496,-0.00856654456774757,0.055118123700689484,0.021695383136606308,0.01650450457847578,0.1075,400,17
interventions,max,v3_to_v4,512,c512_drop_constant,c512_original,2739,256,0.5492634187646902,0.552370109446137,-0.0031066906814467554,-0.00631936581330143,0.0003222130229107197,-0.0029353485898315503,0.001856783827644022,0.96,400,17
interventions,max,v3_to_v4,512,c512_late_only,c512_original,2739,256,0.573219554241465,0.552370109446137,0.02084944479532802,0.0005479314808672865,0.0446407555954631,0.020600894945268886,0.011128637426107127,0.0225,400,17
random_evaluation,max,v0_to_v1,128,c128_original,reuse_logit,2563,256,0.6048308632908374,0.67292965243646,-0.06809878914562262,-0.169755562768839,0.10743558115241685,-0.05605352189627448,0.07306837495991704,0.7875,400,17
random_evaluation,max,v0_to_v1,512,c512_original,reuse_logit,2563,256,0.6595343012635821,0.67292965243646,-0.013395351172877823,-0.045100329476757677,0.046506524716407954,-0.011925906744432294,0.02441672306386654,0.735,400,17
random_evaluation,max,v3_to_v4,128,c128_original,reuse_logit,2370,256,0.6615740815895846,0.7172884774597815,-0.05571439587019689,-0.08452815523372462,-0.0026981235163961704,-0.04764037370317218,0.02143636107794743,0.9775,400,17
random_evaluation,max,v3_to_v4,512,c512_original,reuse_logit,2370,256,0.675850432622847,0.7172884774597815,-0.04143804483693447,-0.057475655634543515,-0.017485669411552066,-0.03935259849614679,0.010142430247683644,0.9975,400,17
