method,scale,edge,budget,relative_flops_percent,recovery_percent,auc_delta,baseline_auc,calibration_percent,edges,full_auc,inference_percent,reuse_auc
query_only,all,equal_edge_mean,128,1.4853511082742898,11.955424486790058,0.05345972330188726,0.545940662517705,1.4617721769886345,15,0.6011837580168703,0.023578931285655247,0.49248093921581776
query_only,all,equal_edge_mean,256,2.792946966450321,33.34645333610658,0.0495282221403712,0.5420091613561889,2.769368035164666,15,0.6011837580168703,0.023578931285655247,0.49248093921581776
query_only,all,equal_edge_mean,512,5.426701260677059,37.324834858939646,0.05354197748573498,0.5460229167015528,5.403122329391404,15,0.6011837580168703,0.023578931285655247,0.49248093921581776
history_conditioned,all,equal_edge_mean,64,72.11214542126997,69.36596482371904,0.06865634477002978,0.5611372839858475,2.428242537933612,15,0.6011837580168703,69.68390288333634,0.49248093921581776
history_conditioned,all,equal_edge_mean,128,74.2219849887752,70.94600747989377,0.0703368240492929,0.5628177632651107,4.538082105438851,15,0.6011837580168703,69.68390288333634,0.49248093921581776
history_conditioned,all,equal_edge_mean,256,78.43768916298015,71.69140675697456,0.07044001742752437,0.5629209566433422,8.753786279643794,15,0.6011837580168703,69.68390288333634,0.49248093921581776
query_only,medium,equal_edge_mean,128,1.4941176439288486,76.5203588514833,0.09277013952016577,0.5475938495420942,1.474246719727258,5,0.5710498547855484,0.019870924201590735,0.45482371002192845
query_only,medium,equal_edge_mean,256,2.793047992128416,86.13807505488566,0.09666355962323733,0.5514872696451658,2.773177067926825,5,0.5710498547855484,0.019870924201590735,0.45482371002192845
query_only,medium,equal_edge_mean,512,5.438520367757593,87.98260031533577,0.10176522028303821,0.5565889303049667,5.418649443556002,5,0.5710498547855484,0.019870924201590735,0.45482371002192845
history_conditioned,medium,equal_edge_mean,64,61.119997698627415,75.88514023054418,0.09080907202034007,0.5456327820422685,2.1848595804837423,5,0.5710498547855484,58.93513811814366,0.45482371002192845
history_conditioned,medium,equal_edge_mean,128,63.01518449599648,77.65187602862235,0.09335743532563692,0.5481811453475653,4.080046377852811,5,0.5710498547855484,58.93513811814366,0.45482371002192845
history_conditioned,medium,equal_edge_mean,256,66.78045445426991,78.95405815053212,0.09490945172764184,0.5497331617495702,7.845316336126258,5,0.5710498547855484,58.93513811814366,0.45482371002192845
query_only,large,equal_edge_mean,128,1.5103206365461426,42.7125716756546,0.05538209997644471,0.5345273021309351,1.4848139364781483,5,0.5994577560617345,0.02550670006799426,0.4791452021544904
query_only,large,equal_edge_mean,256,2.856131356728221,31.099439556457924,0.045183191791503007,0.5243283939459934,2.830624656660227,5,0.5994577560617345,0.02550670006799426,0.4791452021544904
query_only,large,equal_edge_mean,512,5.564598386988247,36.55891722701469,0.04954165916049667,0.5286868613149871,5.539091686920253,5,0.5994577560617345,0.02550670006799426,0.4791452021544904
history_conditioned,large,equal_edge_mean,64,78.04517639917394,65.37602257208069,0.07755300387455191,0.5566982060290423,2.612340432852355,5,0.5994577560617345,75.43283596632159,0.4791452021544904
history_conditioned,large,equal_edge_mean,128,80.3168463410403,67.97620093117692,0.07963782445090997,0.5587830266054004,4.884010374718721,5,0.5994577560617345,75.43283596632159,0.4791452021544904
history_conditioned,large,equal_edge_mean,256,84.87366929553934,66.54507279647473,0.07811495843737364,0.557260160591864,9.440833329217757,5,0.5994577560617345,75.43283596632159,0.4791452021544904
query_only,max,equal_edge_mean,128,1.4516150443478781,-83.36665706676773,0.012226930409051295,0.5557008358800857,1.4262558747604972,5,0.6330436632033283,0.02535916958738075,0.5434739054710345
query_only,max,equal_edge_mean,256,2.7296615504943254,-17.19815460302386,0.006737915006373241,0.5502118204774076,2.704302380906945,5,0.6330436632033283,0.02535916958738075,0.5434739054710345
query_only,max,equal_edge_mean,512,5.276985027285335,-12.567012965531523,0.009319053013670064,0.5527929584847044,5.251625857697954,5,0.6330436632033283,0.02535916958738075,0.5434739054710345
history_conditioned,max,equal_edge_mean,64,77.17126216600855,66.83673166853228,0.037606958415197386,0.5810808638862318,2.4875276004647384,5,0.6330436632033283,74.6837345655438,0.5434739054710345
history_conditioned,max,equal_edge_mean,128,79.33392412928883,67.20994547988204,0.038015212371331805,0.5814891178423662,4.6501895637450215,5,0.6330436632033283,74.6837345655438,0.5434739054710345
history_conditioned,max,equal_edge_mean,256,83.65894373913117,69.57508932391681,0.03829564211755763,0.581769547588592,8.975209173587366,5,0.6330436632033283,74.6837345655438,0.5434739054710345
