scale,edge,family,budget,relative_flops_percent,auc,raw_recovery_percent,displayed_recovery_percent
medium,v0_to_v1,droid,1,6.523317089654499,0.5958291685683722,3.100302377502228,3.100302377502228
medium,v0_to_v1,droid,2,27.48735252600562,0.5993861498888589,46.96985741328684,46.96985741328684
medium,v0_to_v1,droid,3,46.34224632357068,0.6022427770638576,82.20168794007236,82.20168794007236
medium,v0_to_v1,droid,4,65.19714012113572,0.603828163029797,101.75483444808455,100.0
medium,v0_to_v1,droid,5,84.05203391870077,0.6037580538599173,100.89015234564096,100.0
medium,v0_to_v1,droid,6,102.90692771626581,0.6036858795407739,100.0,100.0
medium,v0_to_v1,tail,32,4.611192426969433,0.5954284047944762,-1.8424642133756644,0.0
medium,v0_to_v1,tail,64,9.126501471553743,0.5948613208583491,-8.83651835770146,0.0
medium,v0_to_v1,tail,128,17.869469413566986,0.5945406383532963,-12.791613292667853,0.0
medium,v0_to_v1,tail,256,34.20480470897198,0.5963323784968202,9.306574961352071,9.306574961352071
medium,v0_to_v1,tail,512,62.27307294529597,0.602382972709669,83.9307722521759,83.9307722521759
medium,v0_to_v1,tail,1024,100.0,0.6036858795407739,100.0,100.0
medium,v0_to_v1,translate,1,27.074712460100436,0.5985002235486255,36.04340297376799,36.04340297376799
medium,v0_to_v1,translate,2,50.87573691548648,0.6014138011860152,71.97762443799787,71.97762443799787
medium,v0_to_v1,translate,3,75.78437341353259,0.6017351361420717,75.94076629045962,75.94076629045962
medium,v0_to_v1,translate,4,101.80143141492766,0.6018019357778748,76.76463069546874,76.76463069546874
medium,v0_to_v1,shared,64,0.7565474398483119,0.601016329925735,67.07546562496809,67.07546562496809
medium,v0_to_v1,shared,256,3.025655841501605,0.6016058789791743,74.34659029947522,74.34659029947522
medium,v0_to_v1,shared,1024,12.102089448114777,0.6021033189713549,80.48170014339873,80.48170014339873
medium,v0_to_v1,shared,4096,48.40782387456746,0.6021252243046177,80.75186665161516,80.75186665161516
medium,v0_to_v1,shared,7144,84.42991975081348,0.6020952342523962,80.38198833966595,80.38198833966595
medium,v0_to_v1,personal,64,0.8211531990360991,0.60480080861865,113.75082918236745,100.0
medium,v0_to_v1,personal,256,3.1082004300191675,0.6041565350008816,105.80476638748924,100.0
medium,v0_to_v1,personal,1024,12.25638935395144,0.602509621959714,85.49278389758163,85.49278389758163
medium,v0_to_v1,personal,4096,48.84914504968053,0.6029332801447711,90.71791565710943,90.71791565710943
medium,v0_to_v1,personal,7144,85.15601984153673,0.6030479677930819,92.13240048178847,92.13240048178847
medium,v1_to_v2,droid,1,8.632458728440573,0.6244548124465008,-26.808260613438005,0.0
medium,v1_to_v2,droid,2,27.48735252600562,0.6248458212821353,-23.685962869044776,0.0
medium,v1_to_v2,droid,3,46.34224632357068,0.6371453113115884,74.52836498324953,74.52836498324953
medium,v1_to_v2,droid,4,65.19714012113572,0.6401976034232744,98.90163716284668,98.90163716284668
medium,v1_to_v2,droid,5,84.05203391870077,0.6401895756541526,98.83753353362613,98.83753353362613
medium,v1_to_v2,droid,6,102.90692771626581,0.6403351526287692,100.0,100.0
medium,v1_to_v2,tail,32,4.611192426969433,0.6280973125788253,2.2779617698854455,2.2779617698854455
medium,v1_to_v2,tail,64,9.126501471553743,0.6281339577449079,2.570582061232411,2.570582061232411
medium,v1_to_v2,tail,128,17.869469413566986,0.6283233910639686,4.083251778417994,4.083251778417994
medium,v1_to_v2,tail,256,34.20480470897198,0.6296332883240863,14.543090247325477,14.543090247325477
medium,v1_to_v2,tail,512,62.27307294529597,0.6334654700750174,45.14396507825265,45.14396507825265
medium,v1_to_v2,tail,1024,100.0,0.6403351526287692,100.0,100.0
medium,v1_to_v2,translate,1,27.074712460100436,0.6255078106031915,-18.399822056926606,0.0
medium,v1_to_v2,translate,2,50.87573691548648,0.6273102152583953,-4.007195915129145,0.0
medium,v1_to_v2,translate,3,75.78437341353259,0.6275758905267586,-1.8857162564770384,0.0
medium,v1_to_v2,translate,4,101.80143141492766,0.6282211301199957,3.2666740297641237,3.2666740297641237
medium,v1_to_v2,shared,64,0.7565448268431583,0.6266260520884536,-9.47040013873595,0.0
medium,v1_to_v2,shared,256,3.0256532284964512,0.6247084172094737,-24.783166786305692,0.0
medium,v1_to_v2,shared,1024,12.102086835109624,0.6243539468760324,-27.61369597565787,0.0
medium,v1_to_v2,shared,4096,48.40782126156231,0.6244164676525406,-27.11445283412543,0.0
medium,v1_to_v2,shared,7144,84.42991713780835,0.624413877993192,-27.13513187461183,0.0
medium,v1_to_v2,personal,64,0.8201445790468291,0.6297693442351289,15.629528776189797,15.629528776189797
medium,v1_to_v2,personal,256,3.1071918100298976,0.6259395283242374,-14.95245426420426,0.0
medium,v1_to_v2,personal,1024,12.25538073396217,0.6248596403758773,-23.575614147256577,0.0
medium,v1_to_v2,personal,4096,48.848136429691266,0.6247246965670262,-24.65317227791045,0.0
medium,v1_to_v2,personal,7144,85.15501122154747,0.6244238974044461,-27.055124513376356,0.0
medium,v2_to_v3,droid,1,8.632458728440573,0.669924443589088,75.30184119578729,75.30184119578729
medium,v2_to_v3,droid,2,27.48735252600562,0.670204450458172,77.0169443380432,77.0169443380432
medium,v2_to_v3,droid,3,46.34224632357068,0.6732498714330353,95.6708120112417,95.6708120112417
medium,v2_to_v3,droid,4,65.19714012113572,0.6737287293606896,98.60392125638543,98.60392125638543
medium,v2_to_v3,droid,5,84.05203391870077,0.6737376898756123,98.65880636456318,98.65880636456318
medium,v2_to_v3,droid,6,102.90692771626581,0.6739566524682644,100.0,100.0
medium,v2_to_v3,tail,32,4.611192426969433,0.6580812865732525,2.759921497402556,2.759921497402556
medium,v2_to_v3,tail,64,9.126501471553743,0.658036951259366,2.488358030376383,2.488358030376383
medium,v2_to_v3,tail,128,17.869469413566986,0.659149497294209,9.30294513856262,9.30294513856262
medium,v2_to_v3,tail,256,34.20480470897198,0.6625463633308396,30.10949046477458,30.10949046477458
medium,v2_to_v3,tail,512,62.27307294529597,0.6664134622944834,53.79631502610245,53.79631502610245
medium,v2_to_v3,tail,1024,100.0,0.6739566524682644,100.0,100.0
medium,v2_to_v3,translate,1,27.074712460100436,0.6644371075141638,41.69071095636318,41.69071095636318
medium,v2_to_v3,translate,2,50.87573691548648,0.665446308123809,47.87228479571628,47.87228479571628
medium,v2_to_v3,translate,3,75.78437341353259,0.6657345658336287,49.63792613697507,49.63792613697507
medium,v2_to_v3,translate,4,101.80143141492766,0.6655674059434019,48.614035351992136,48.614035351992136
medium,v2_to_v3,shared,64,0.7565405313042242,0.6656022098411012,48.82721681608282,48.82721681608282
medium,v2_to_v3,shared,256,3.025648932957517,0.6632834214558959,34.624132232116295,34.624132232116295
medium,v2_to_v3,shared,1024,12.10208253957069,0.6625473891964964,30.115774115662113,30.115774115662113
medium,v2_to_v3,shared,4096,48.407816966023375,0.6626480294280104,30.732217483182687,30.732217483182687
medium,v2_to_v3,shared,7144,84.4299128422694,0.6626053576325776,30.470843429496252,30.470843429496252
medium,v2_to_v3,personal,64,0.8184865010182502,0.6650387882615393,45.37613675978809,45.37613675978809
medium,v2_to_v3,personal,256,3.105533732001318,0.6639824540435022,38.90585928925874,38.90585928925874
medium,v2_to_v3,personal,1024,12.253722655933592,0.6640513029793739,39.32757403733172,39.32757403733172
medium,v2_to_v3,personal,4096,48.84647835166268,0.6642668524607742,40.64786162195674,40.64786162195674
medium,v2_to_v3,personal,7144,85.15335314351888,0.6642434086199275,40.50426298370076,40.50426298370076
medium,v3_to_v4,droid,1,8.632458728440573,0.6669962897976356,93.38799648445493,93.38799648445493
medium,v3_to_v4,droid,2,27.48735252600562,0.667135913233482,93.71872061106947,93.71872061106947
medium,v3_to_v4,droid,3,46.34224632357068,0.6682796042818402,96.42776598581067,96.42776598581067
medium,v3_to_v4,droid,4,65.19714012113572,0.6693369666332334,98.93232575444677,98.93232575444677
medium,v3_to_v4,droid,5,84.05203391870077,0.6694283210152949,99.14871563223885,99.14871563223885
medium,v3_to_v4,droid,6,102.90692771626581,0.669787711935836,100.0,100.0
medium,v3_to_v4,tail,32,4.611192426969433,0.6283675975306628,1.8887403974497323,1.8887403974497323
medium,v3_to_v4,tail,64,9.126501471553743,0.6287410891679491,2.7734249404890305,2.7734249404890305
medium,v3_to_v4,tail,128,17.869469413566986,0.6300757825900427,5.934895030694401,5.934895030694401
medium,v3_to_v4,tail,256,34.20480470897198,0.6347484054064866,17.002872914204744,17.002872914204744
medium,v3_to_v4,tail,512,62.27307294529597,0.6440060299230415,38.93128173900535,38.93128173900535
medium,v3_to_v4,tail,1024,100.0,0.669787711935836,100.0,100.0
medium,v3_to_v4,translate,1,27.074712460100436,0.6584094028369638,73.04835455263536,73.04835455263536
medium,v3_to_v4,translate,2,50.87573691548648,0.6614184255502121,80.1757855800254,80.1757855800254
medium,v3_to_v4,translate,3,75.78437341353259,0.6617639528146259,80.99423129475815,80.99423129475815
medium,v3_to_v4,translate,4,101.80143141492766,0.6617830546324035,81.03947750978621,81.03947750978621
medium,v3_to_v4,shared,64,0.7565390354136687,0.6348793173036316,17.31296213801069,17.31296213801069
medium,v3_to_v4,shared,256,3.025647437066962,0.6374620154699157,23.43056403038214,23.43056403038214
medium,v3_to_v4,shared,1024,12.102081043680133,0.6382818711783875,25.372545055921524,25.372545055921524
medium,v3_to_v4,shared,4096,48.40781547013282,0.6380620229174823,24.851793481267453,24.851793481267453
medium,v3_to_v4,shared,7144,84.42991134637884,0.6382693947658751,25.34299234790764,25.34299234790764
medium,v3_to_v4,personal,64,0.8179090872638887,0.6624927930499194,82.72062521135088,82.72062521135088
medium,v3_to_v4,personal,256,3.104956318246957,0.6615929232369377,80.58911586866031,80.58911586866031
medium,v3_to_v4,personal,1024,12.25314524217923,0.6610530852861676,79.31040908351667,79.31040908351667
medium,v3_to_v4,personal,4096,48.84590093790832,0.6601008127846293,77.05477420774423,77.05477420774423
medium,v3_to_v4,personal,7144,85.15277572976453,0.6600135481372252,76.84807162861001,76.84807162861001
medium,v4_to_v5,droid,1,8.632458728440573,0.669256737286579,66.84222463160782,66.84222463160782
medium,v4_to_v5,droid,2,27.48735252600562,0.6692550969613177,66.83705765664014,66.83705765664014
medium,v4_to_v5,droid,3,46.34224632357068,0.6768079223232052,90.62822914026674,90.62822914026674
medium,v4_to_v5,droid,4,65.19714012113572,0.6790637278916817,97.73394846275507,97.73394846275507
medium,v4_to_v5,droid,5,84.05203391870077,0.6792543127656562,98.33428505226406,98.33428505226406
medium,v4_to_v5,droid,6,102.90692771626581,0.6797831162384735,100.0,100.0
medium,v4_to_v5,tail,32,4.611192426969433,0.6487348883477334,2.199021079084423,2.199021079084423
medium,v4_to_v5,tail,64,9.126501471553743,0.6492217733863987,3.732694226904232,3.732694226904232
medium,v4_to_v5,tail,128,17.869469413566986,0.6511811385724212,9.904635309368084,9.904635309368084
medium,v4_to_v5,tail,256,34.20480470897198,0.6550776989581335,22.178682687794414,22.178682687794414
medium,v4_to_v5,tail,512,62.27307294529597,0.6628490659451574,46.658253681644815,46.658253681644815
medium,v4_to_v5,tail,1024,100.0,0.6797831162384735,100.0,100.0
medium,v4_to_v5,translate,1,27.074712460100436,0.6635350958183871,48.81922703596855,48.81922703596855
medium,v4_to_v5,translate,2,50.87573691548648,0.6643293226141735,51.32101742434375,51.32101742434375
medium,v4_to_v5,translate,3,75.78437341353259,0.664355296285542,51.40283370368009,51.40283370368009
medium,v4_to_v5,translate,4,101.80143141492766,0.6643679314639789,51.44263413365354,51.44263413365354
medium,v4_to_v5,shared,64,0.7565360381430515,0.6435915271916496,-14.002411021291048,0.0
medium,v4_to_v5,shared,256,3.0256444397963445,0.6448235361008459,-10.121620214720691,0.0
medium,v4_to_v5,shared,1024,12.102078046409517,0.6452746989950843,-8.700470741566068,0.0
medium,v4_to_v5,shared,4096,48.407812472862204,0.6453404922855147,-8.493223866376647,0.0
medium,v4_to_v5,shared,7144,84.42990834910823,0.645382032354274,-8.362373906005251,0.0
medium,v4_to_v5,personal,64,0.8167521408056087,0.6594917741738885,36.082886130598325,36.082886130598325
medium,v4_to_v5,personal,256,3.1037993717886767,0.6606349517915973,39.683861055345716,39.683861055345716
medium,v4_to_v5,personal,1024,12.251988295720949,0.6607667008470092,40.098866595646896,40.098866595646896
medium,v4_to_v5,personal,4096,48.84474399145004,0.6605612217306356,39.451613593000175,39.451613593000175
medium,v4_to_v5,personal,7144,85.15161878330625,0.6602766931810148,38.55535726617252,38.55535726617252
large,v0_to_v1,droid,1,10.87398018650156,0.592384622521862,94.77217758497724,94.77217758497724
large,v0_to_v1,droid,2,21.540483573189288,0.5924392449634253,94.99065878098017,94.99065878098017
large,v0_to_v1,droid,3,32.206986959877014,0.5923734911403905,94.72765380560294,94.72765380560294
large,v0_to_v1,droid,4,42.87349034656474,0.5928268027507743,96.54082912263627,96.54082912263627
large,v0_to_v1,droid,5,53.539993733252466,0.5928433560946444,96.60703990090063,96.60703990090063
large,v0_to_v1,droid,6,64.2064971199402,0.5930332023162548,97.36639500050748,97.36639500050748
large,v0_to_v1,droid,7,74.87300050662792,0.5933580434872702,98.66570871705377,98.66570871705377
large,v0_to_v1,droid,8,85.53950389331565,0.5934372226716822,98.98241303150355,98.98241303150355
large,v0_to_v1,droid,9,96.20600728000338,0.5934890783427573,99.18982757965958,99.18982757965958
large,v0_to_v1,droid,10,106.8725106666911,0.5936916293928973,100.0,100.0
large,v0_to_v1,tail,32,4.273227286484672,0.5692235347783939,2.1314605811753284,2.1314605811753284
large,v0_to_v1,tail,64,8.472375393196138,0.5697070785097772,4.065559638792892,4.065559638792892
large,v0_to_v1,tail,128,16.64843406729946,0.5706219112662172,7.7247471274749655,7.7247471274749655
large,v0_to_v1,tail,256,32.11160125822764,0.5734962775438669,19.221761250575263,19.221761250575263
large,v0_to_v1,tail,512,59.4821350109702,0.579697644673436,44.02625677557977,44.02625677557977
large,v0_to_v1,tail,1024,100.0,0.5936916293928973,100.0,100.0
large,v0_to_v1,translate,1,31.75924671892537,0.5874432990291995,75.00765890700248,75.00765890700248
large,v0_to_v1,translate,2,60.13704618725594,0.5890005861052469,81.23656287315895,81.23656287315895
large,v0_to_v1,translate,3,89.83735819265516,0.5891950448717788,82.01436742874468,82.01436742874468
large,v0_to_v1,translate,4,120.86179123978984,0.5892193973690959,82.11177359711124,82.11177359711124
large,v0_to_v1,shared,64,0.7988739368901552,0.5753044670173328,26.45423543986954,26.45423543986954
large,v0_to_v1,shared,256,3.195113800247684,0.5752219820811688,26.124308637083537,26.124308637083537
large,v0_to_v1,shared,1024,12.780073253677799,0.5751221324924953,25.72492594877025,25.72492594877025
large,v0_to_v1,shared,4096,51.11991106739826,0.5751777950733398,25.947567538700117,25.947567538700117
large,v0_to_v1,shared,7144,89.16021889819902,0.5752029721174327,26.048271764798432,26.048271764798432
large,v0_to_v1,personal,64,0.8789232483705703,0.5874604027013075,75.07607091187192,75.07607091187192
large,v0_to_v1,personal,256,3.3042217538498218,0.5889933467358495,81.207606531425,81.207606531425
large,v0_to_v1,personal,1024,13.00541577576683,0.5890442700638963,81.4112918537521,81.4112918537521
large,v0_to_v1,personal,4096,51.81019186343486,0.589625522588196,83.73621075254539,83.73621075254539
large,v0_to_v1,personal,7144,90.31180563791797,0.5896215152152198,83.72018188939649,83.72018188939649
large,v1_to_v2,droid,1,10.87398018650156,0.6655670359900925,92.690440745472,92.690440745472
large,v1_to_v2,droid,2,21.540483573189288,0.6655513109350473,92.56537964381273,92.56537964381273
large,v1_to_v2,droid,3,32.206986959877014,0.6657110322408393,93.83564053659639,93.83564053659639
large,v1_to_v2,droid,4,42.87349034656474,0.6658296459830755,94.77897365901391,94.77897365901391
large,v1_to_v2,droid,5,53.539993733252466,0.6658477561126321,94.92300321865842,94.92300321865842
large,v1_to_v2,droid,6,64.2064971199402,0.6660035063742777,96.16168246328513,96.16168246328513
large,v1_to_v2,droid,7,74.87300050662792,0.666012252813212,96.23124274689398,96.23124274689398
large,v1_to_v2,droid,8,85.53950389331565,0.6661879702052436,97.62872024792529,97.62872024792529
large,v1_to_v2,droid,9,96.20600728000338,0.666241219966312,98.05221471348788,98.05221471348788
large,v1_to_v2,droid,10,106.8725106666911,0.6664861324965895,100.0,100.0
large,v1_to_v2,tail,32,4.273227286484672,0.6536415095570233,-2.153072952773228,0.0
large,v1_to_v2,tail,64,8.472375393196138,0.65406721213414,1.2325325742237354,1.2325325742237354
large,v1_to_v2,tail,128,16.64843406729946,0.6543071656678526,3.140879043400144,3.140879043400144
large,v1_to_v2,tail,256,32.11160125822764,0.6562564062812861,18.643157274800224,18.643157274800224
large,v1_to_v2,tail,512,59.4821350109702,0.6597496801351044,46.4251062282323,46.4251062282323
large,v1_to_v2,tail,1024,100.0,0.6664861324965895,100.0,100.0
large,v1_to_v2,translate,1,31.75924671892537,0.661011368814371,56.45929534403663,56.45929534403663
large,v1_to_v2,translate,2,60.13704618725594,0.6613748985840614,59.350441565955045,59.350441565955045
large,v1_to_v2,translate,3,89.83735819265516,0.6613856454080698,59.43591087884206,59.43591087884206
large,v1_to_v2,translate,4,120.86179123978984,0.6614357284756337,59.834220683546214,59.834220683546214
large,v1_to_v2,shared,64,0.7988720676318022,0.655515312571796,12.749251309122561,12.749251309122561
large,v1_to_v2,shared,256,3.1951119309893308,0.6556278709525709,13.644426242388294,13.644426242388294
large,v1_to_v2,shared,1024,12.780071384419445,0.6556403576219891,13.743732516929647,13.743732516929647
large,v1_to_v2,shared,4096,51.1199091981399,0.6556482227723942,13.806283927499981,13.806283927499981
large,v1_to_v2,shared,7144,89.16021702894066,0.655634164122048,13.694475714741197,13.694475714741197
large,v1_to_v2,personal,64,0.8777231845079084,0.6609132380360841,55.678862893788136,55.678862893788136
large,v1_to_v2,personal,256,3.30302168998716,0.6617939267994404,62.682966004879916,62.682966004879916
large,v1_to_v2,personal,1024,13.004215711904168,0.6615627931453728,60.844763892066226,60.844763892066226
large,v1_to_v2,personal,4096,51.80899179957219,0.6613440814629543,59.10535351351022,59.10535351351022
large,v1_to_v2,personal,7144,90.31060557405532,0.6613355396088573,59.03742028971434,59.03742028971434
large,v2_to_v3,droid,1,10.87398018650156,0.7071587593152642,52.04332463831251,52.04332463831251
large,v2_to_v3,droid,2,21.540483573189288,0.7079284448867378,55.489061496104675,55.489061496104675
large,v2_to_v3,droid,3,32.206986959877014,0.7114981815828587,71.47009811978373,71.47009811978373
large,v2_to_v3,droid,4,42.87349034656474,0.7139787791959785,82.57526488095023,82.57526488095023
large,v2_to_v3,droid,5,53.539993733252466,0.714038416420371,82.84224946504767,82.84224946504767
large,v2_to_v3,droid,6,64.2064971199402,0.71508192556108,87.51384269850236,87.51384269850236
large,v2_to_v3,droid,7,74.87300050662792,0.7163500167195023,93.19084718651737,93.19084718651737
large,v2_to_v3,droid,8,85.53950389331565,0.7170713829645733,96.42026755079605,96.42026755079605
large,v2_to_v3,droid,9,96.20600728000338,0.7170555470418075,96.34937311705126,96.34937311705126
large,v2_to_v3,droid,10,106.8725106666911,0.7178709995718767,100.0,100.0
large,v2_to_v3,tail,32,4.273227286484672,0.6956357479189507,0.45698009372343507,0.45698009372343507
large,v2_to_v3,tail,64,8.472375393196138,0.6959933885769016,2.0580697368452285,2.0580697368452285
large,v2_to_v3,tail,128,16.64843406729946,0.697030466734444,6.700872673911242,6.700872673911242
large,v2_to_v3,tail,256,32.11160125822764,0.7005483901884241,22.449951203553653,22.449951203553653
large,v2_to_v3,tail,512,59.4821350109702,0.706207035288303,47.782636014686645,47.782636014686645
large,v2_to_v3,tail,1024,100.0,0.7178709995718767,100.0,100.0
large,v2_to_v3,translate,1,31.75924671892537,0.7105612816659609,67.27577423563392,67.27577423563392
large,v2_to_v3,translate,2,60.13704618725594,0.7085866905313934,58.43590286007709,58.43590286007709
large,v2_to_v3,translate,3,89.83735819265516,0.7082834506157759,57.0783550604001,57.0783550604001
large,v2_to_v3,translate,4,120.86179123978984,0.7081624195477155,56.536521839653645,56.536521839653645
large,v2_to_v3,shared,64,0.7988689947438583,0.6934138757323961,-9.489921823453559,0.0
large,v2_to_v3,shared,256,3.195108858101387,0.6920584560033272,-15.55787981997636,0.0
large,v2_to_v3,shared,1024,12.780068311531501,0.6922349312455702,-14.767833508570888,0.0
large,v2_to_v3,shared,4096,51.11990612525196,0.6922006718998462,-14.921206125468162,0.0
large,v2_to_v3,shared,7144,89.16021395605271,0.6923020938269377,-14.46715932334555,0.0
large,v2_to_v3,personal,64,0.8757503904479652,0.7035318112859696,35.806163687108025,35.806163687108025
large,v2_to_v3,personal,256,3.3010488959272175,0.7047347143030898,41.19133318496485,41.19133318496485
large,v2_to_v3,personal,1024,13.002242917844223,0.7052033012778421,43.28910852313873,43.28910852313873
large,v2_to_v3,personal,4096,51.80701900551226,0.7053671060252533,44.022431423495824,44.022431423495824
large,v2_to_v3,personal,7144,90.30863277999538,0.705225169431199,43.387008113343,43.387008113343
large,v3_to_v4,droid,1,10.87398018650156,0.665567783587074,37.052146304613046,37.052146304613046
large,v3_to_v4,droid,2,21.540483573189288,0.6660822086396205,39.693014165664856,39.693014165664856
large,v3_to_v4,droid,3,32.206986959877014,0.6693955311418474,56.70238582459961,56.70238582459961
large,v3_to_v4,droid,4,42.87349034656474,0.6711868630179005,65.89842080876052,65.89842080876052
large,v3_to_v4,droid,5,53.539993733252466,0.6711819690331473,65.87329690201588,65.87329690201588
large,v3_to_v4,droid,6,64.2064971199402,0.6722564787692251,71.38943227362789,71.38943227362789
large,v3_to_v4,droid,7,74.87300050662792,0.6743838098288626,82.31036273260081,82.31036273260081
large,v3_to_v4,droid,8,85.53950389331565,0.6756592644365851,88.85807471725431,88.85807471725431
large,v3_to_v4,droid,9,96.20600728000338,0.6758278004877752,89.72327643869737,89.72327643869737
large,v3_to_v4,droid,10,106.8725106666911,0.6778296439484032,100.0,100.0
large,v3_to_v4,tail,32,4.273227286484672,0.6580255455046653,-1.6669130678570045,0.0
large,v3_to_v4,tail,64,8.472375393196138,0.6579126818225525,-2.2463134475552553,0.0
large,v3_to_v4,tail,128,16.64843406729946,0.6576864592650364,-3.4076563460623635,0.0
large,v3_to_v4,tail,256,32.11160125822764,0.6582324572798592,-0.6047045799967533,0.0
large,v3_to_v4,tail,512,59.4821350109702,0.6611831701051571,14.543163178286935,14.543163178286935
large,v3_to_v4,tail,1024,100.0,0.6778296439484032,100.0,100.0
large,v3_to_v4,translate,1,31.75924671892537,0.6511714961516158,-36.853066162325206,0.0
large,v3_to_v4,translate,2,60.13704618725594,0.6504384011172347,-40.61650479310371,0.0
large,v3_to_v4,translate,3,89.83735819265516,0.6513149740175066,-36.11650389163577,0.0
large,v3_to_v4,translate,4,120.86179123978984,0.6514832203279417,-35.252789592012995,0.0
large,v3_to_v4,shared,64,0.7988679246327213,0.6647580354409417,32.8951989629518,32.8951989629518
large,v3_to_v4,shared,256,3.19510778799025,0.6647645519739231,32.9286524318896,32.9286524318896
large,v3_to_v4,shared,1024,12.780067241420365,0.6647557614150157,32.883524955332106,32.883524955332106
large,v3_to_v4,shared,4096,51.119905055140826,0.6647521475575984,32.86497274862955,32.86497274862955
large,v3_to_v4,shared,7144,89.16021288594158,0.6647351810413851,32.77787293270899,32.77787293270899
large,v3_to_v4,personal,64,0.8750633790980171,0.6510052183223105,-37.70667500824786,0.0
large,v3_to_v4,personal,256,3.300361884577269,0.6561986562919528,-11.045486260729257,0.0
large,v3_to_v4,personal,1024,13.001555906494275,0.6538234739664367,-23.238793403419027,0.0
large,v3_to_v4,personal,4096,51.8063319941623,0.6540043038056633,-22.310479923410995,0.0
large,v3_to_v4,personal,7144,90.30794576864542,0.6532501981765304,-26.181779172848955,0.0
large,v4_to_v5,droid,1,10.87398018650156,0.6488924441486053,-16.405944243324523,0.0
large,v4_to_v5,droid,2,21.540483573189288,0.6500717734667458,-9.041739121733327,0.0
large,v4_to_v5,droid,3,32.206986959877014,0.6551550613268651,22.700348451426038,22.700348451426038
large,v4_to_v5,droid,4,42.87349034656474,0.656603348345878,31.744033297457726,31.744033297457726
large,v4_to_v5,droid,5,53.539993733252466,0.6566656807058048,32.133261545372065,32.133261545372065
large,v4_to_v5,droid,6,64.2064971199402,0.6596997193423509,51.07901530784702,51.07901530784702
large,v4_to_v5,droid,7,74.87300050662792,0.6629645141291809,71.46570299574817,71.46570299574817
large,v4_to_v5,droid,8,85.53950389331565,0.665293553432251,86.00915824631286,86.00915824631286
large,v4_to_v5,droid,9,96.20600728000338,0.6653775060358517,86.53339196449204,86.53339196449204
large,v4_to_v5,droid,10,106.8725106666911,0.6675340952956509,100.0,100.0
large,v4_to_v5,tail,32,4.273227286484672,0.651324225235541,-1.2209280993722178,0.0
large,v4_to_v5,tail,64,8.472375393196138,0.6514847233837607,-0.21871330919882487,0.0
large,v4_to_v5,tail,128,16.64843406729946,0.65193586624689,2.59840361660131,2.59840361660131
large,v4_to_v5,tail,256,32.11160125822764,0.6540817366376823,15.998078736235488,15.998078736235488
large,v4_to_v5,tail,512,59.4821350109702,0.6571544442173609,35.1852968841726,35.1852968841726
large,v4_to_v5,tail,1024,100.0,0.6675340952956509,100.0,100.0
large,v4_to_v5,translate,1,31.75924671892537,0.6438039682312486,-48.18042812605651,0.0
large,v4_to_v5,translate,2,60.13704618725594,0.6418675809529562,-60.27200669773903,0.0
large,v4_to_v5,translate,3,89.83735819265516,0.6417484737530175,-61.01575981089813,0.0
large,v4_to_v5,translate,4,120.86179123978984,0.6416366534254062,-61.71401077152985,0.0
large,v4_to_v5,shared,64,0.7988657804834339,0.6446039038931071,-43.18530911443952,0.0
large,v4_to_v5,shared,256,3.1951056438409626,0.6440763757342308,-46.47940645402329,0.0
large,v4_to_v5,shared,1024,12.780065097271077,0.6438915175317586,-47.633735190258584,0.0
large,v4_to_v5,shared,4096,51.119902910991534,0.6438614597398279,-47.821428094924514,0.0
large,v4_to_v5,shared,7144,89.16021074179228,0.643882174132238,-47.692079123156475,0.0
large,v4_to_v5,personal,64,0.8736868352555519,0.6442396826890715,-45.459652349100885,0.0
large,v4_to_v5,personal,256,3.2989853407348035,0.6425548594319818,-55.9803643062993,0.0
large,v4_to_v5,personal,1024,13.000179362651812,0.6425393419995241,-56.0772613763719,0.0
large,v4_to_v5,personal,4096,51.80495545031983,0.6427323906999086,-54.871787887143675,0.0
large,v4_to_v5,personal,7144,90.30656922480296,0.6429649095877866,-53.41984672139899,0.0
max,v0_to_v1,droid,1,18.642801633781406,0.6571717113508538,34.265219832284146,34.265219832284146
max,v0_to_v1,droid,2,25.146805966165036,0.6572149630991111,34.43050686375362,34.43050686375362
max,v0_to_v1,droid,3,31.650810298548667,0.6591380700232592,41.7796811167856,41.7796811167856
max,v0_to_v1,droid,4,38.15481463093229,0.6591385933582699,41.781681047282326,41.781681047282326
max,v0_to_v1,droid,5,44.65881896331592,0.6591495913529615,41.82371000490694,41.82371000490694
max,v0_to_v1,droid,6,51.162823295699546,0.6596012274772929,43.54964241927121,43.54964241927121
max,v0_to_v1,droid,7,57.66682762808318,0.659607137382166,43.572227185716706,43.572227185716706
max,v0_to_v1,droid,8,64.17083196046681,0.6598532222393262,44.51264317278077,44.51264317278077
max,v0_to_v1,droid,9,70.67483629285044,0.6598477580646522,44.4917617691918,44.4917617691918
max,v0_to_v1,droid,10,77.17884062523407,0.6599915458512309,45.041248376387244,45.041248376387244
max,v0_to_v1,droid,11,83.6828449576177,0.6614273104783052,50.528038683370625,50.528038683370625
max,v0_to_v1,droid,12,90.18684929000132,0.6676871274869556,74.4499982015833,74.4499982015833
max,v0_to_v1,droid,13,96.69085362238495,0.667711706323654,74.54392649624283,74.54392649624283
max,v0_to_v1,droid,14,103.19485795476857,0.667997723830981,75.63694554493426,75.63694554493426
max,v0_to_v1,droid,15,109.69886228715222,0.6679982989025327,75.63914318719141,75.63914318719141
max,v0_to_v1,droid,16,116.20286661953585,0.6743729650625526,100.0,100.0
max,v0_to_v1,tail,32,4.291904619555379,0.648957174401651,2.8732765713008313,2.8732765713008313
max,v0_to_v1,tail,64,8.508525070107185,0.6491511506127119,3.614558794420476,3.614558794420476
max,v0_to_v1,tail,128,16.71591346420008,0.6504279527277653,8.493872114101936,8.493872114101936
max,v0_to_v1,tail,256,32.22728022434299,0.653755989300565,21.212000465078965,21.212000465078965
max,v0_to_v1,tail,512,59.63637363245732,0.6632581651802891,57.52467005519283,57.52467005519283
max,v0_to_v1,tail,1024,100.0,0.6743729650625526,100.0,100.0
max,v0_to_v1,translate,1,32.276562475036975,0.6679328760565995,75.38912906220679,75.38912906220679
max,v0_to_v1,translate,2,59.962385878554436,0.6696795335178762,82.06399975301242,82.06399975301242
max,v0_to_v1,translate,3,88.93847312339204,0.6690733543760438,79.747479498241,79.747479498241
max,v0_to_v1,translate,4,119.2063934917698,0.6686451031682343,78.11091279945639,78.11091279945639
max,v0_to_v1,shared,64,0.8821296202166696,0.6247299869926376,-89.71118646295027,0.0
max,v0_to_v1,shared,256,3.528169254170864,0.6231710913879035,-95.66852315474739,0.0
max,v0_to_v1,shared,1024,14.112327789987642,0.6251180090601031,-88.22835586626431,0.0
max,v0_to_v1,shared,4096,56.44896193325475,0.6250587707206836,-88.45473583161474,0.0
max,v0_to_v1,shared,7144,98.45484112227759,0.6245552587646874,-90.37891230700241,0.0
max,v0_to_v1,personal,64,0.9589978307132495,0.6618631948157757,52.193775471072904,52.193775471072904
max,v0_to_v1,personal,256,3.6447040151832173,0.6620863862535533,53.04670400427912,53.04670400427912
max,v0_to_v1,personal,1024,14.387528753063089,0.6622442483691449,53.649975814528815,53.649975814528815
max,v0_to_v1,personal,4096,57.35882770458257,0.6626385962236783,55.15698047603983,55.15698047603983
max,v0_to_v1,personal,7144,99.99441338304331,0.6624603837386799,54.47593950537245,54.47593950537245
max,v1_to_v2,droid,1,18.642801633781406,0.6308074625795114,-19.57922682378914,0.0
max,v1_to_v2,droid,2,25.146805966165036,0.6308757584353003,-19.029021851259596,0.0
max,v1_to_v2,droid,3,31.650810298548667,0.6382083484123802,40.04377869139381,40.04377869139381
max,v1_to_v2,droid,4,38.15481463093229,0.6382116474632968,40.0703565005158,40.0703565005158
max,v1_to_v2,droid,5,44.65881896331592,0.6383706254462582,41.351114692028794,41.351114692028794
max,v1_to_v2,droid,6,51.162823295699546,0.6388540963657052,45.24605239916074,45.24605239916074
max,v1_to_v2,droid,7,57.66682762808318,0.6387975988451895,44.79089715783232,44.79089715783232
max,v1_to_v2,droid,8,64.17083196046681,0.6386275357251147,43.42083490107936,43.42083490107936
max,v1_to_v2,droid,9,70.67483629285044,0.6385753703739929,43.00058047642394,43.00058047642394
max,v1_to_v2,droid,10,77.17884062523407,0.638827412565981,45.03108241123582,45.03108241123582
max,v1_to_v2,droid,11,83.6828449576177,0.6405584830641927,58.976930002029135,58.976930002029135
max,v1_to_v2,droid,12,90.18684929000132,0.6431934772118924,80.20496596267455,80.20496596267455
max,v1_to_v2,droid,13,96.69085362238495,0.6431753579032137,80.05899321486075,80.05899321486075
max,v1_to_v2,droid,14,103.19485795476857,0.6432963509521806,81.03373723723398,81.03373723723398
max,v1_to_v2,droid,15,109.69886228715222,0.6432734919323024,80.84958043505547,80.84958043505547
max,v1_to_v2,droid,16,116.20286661953585,0.6456505956631031,100.0,100.0
max,v1_to_v2,tail,32,4.291904619555379,0.6336206380800542,3.084273488446557,3.084273488446557
max,v1_to_v2,tail,64,8.508525070107185,0.6339158980428212,5.462946364372696,5.462946364372696
max,v1_to_v2,tail,128,16.71591346420008,0.63571895876329,19.988761477378862,19.988761477378862
max,v1_to_v2,tail,256,32.22728022434299,0.6386488725763488,43.59272881047626,43.59272881047626
max,v1_to_v2,tail,512,59.63637363245732,0.6397586802329183,52.53355961407505,52.53355961407505
max,v1_to_v2,tail,1024,100.0,0.6456505956631031,100.0,100.0
max,v1_to_v2,translate,1,32.276562475036975,0.644302726536188,89.14129873063426,89.14129873063426
max,v1_to_v2,translate,2,59.962385878554436,0.6409251912186152,61.93120369403683,61.93120369403683
max,v1_to_v2,translate,3,88.93847312339204,0.6399817360139803,54.33054126799991,54.33054126799991
max,v1_to_v2,translate,4,119.2063934917698,0.6389566094314955,46.07191800836176,46.07191800836176
max,v1_to_v2,shared,64,0.8821300569797874,0.6338822452782207,5.191833011905041,5.191833011905041
max,v1_to_v2,shared,256,3.528169690933982,0.634621401813398,11.146624798819714,11.146624798819714
max,v1_to_v2,shared,1024,14.112328226750758,0.6346340947029346,11.248881236756654,11.248881236756654
max,v1_to_v2,shared,4096,56.448962370017874,0.6342074636391201,7.811856690614633,7.811856690614633
max,v1_to_v2,shared,7144,98.4548415590407,0.6338756471763873,5.138677393661069,5.138677393661069
max,v1_to_v2,personal,64,0.9592782326349306,0.6318397863502838,-11.262621586499396,0.0
max,v1_to_v2,personal,256,3.644984417104898,0.6357697771887441,20.398164801459913,20.398164801459913
max,v1_to_v2,personal,1024,14.38780915498477,0.6361439209434103,23.412341165168403,23.412341165168403
max,v1_to_v2,personal,4096,57.35910810650425,0.635589439939749,18.9453321224757,18.9453321224757
max,v1_to_v2,personal,7144,99.994693784965,0.6361385291653218,23.368903930495343,23.368903930495343
