method,scale,edge,budget,flops_percent,displayed_recovery_percent
droid_speak,medium,v0_to_v1,1,6.523317089654499,3.100302377502228
droid_speak,medium,v0_to_v1,2,27.48735252600562,46.96985741328684
droid_speak,medium,v0_to_v1,3,46.34224632357068,82.20168794007236
droid_speak,medium,v0_to_v1,4,65.19714012113572,100.0
droid_speak,medium,v0_to_v1,5,84.05203391870077,100.0
droid_speak,medium,v0_to_v1,6,102.90692771626581,100.0
droid_speak,large,v3_to_v4,1,10.87398018650156,37.052146304613046
droid_speak,large,v3_to_v4,2,21.540483573189288,39.693014165664856
droid_speak,large,v3_to_v4,3,32.206986959877014,56.70238582459961
droid_speak,large,v3_to_v4,4,42.87349034656474,65.89842080876052
droid_speak,large,v3_to_v4,5,53.539993733252466,65.87329690201588
droid_speak,large,v3_to_v4,6,64.2064971199402,71.38943227362789
droid_speak,large,v3_to_v4,7,74.87300050662792,82.31036273260081
droid_speak,large,v3_to_v4,8,85.53950389331565,88.85807471725431
droid_speak,large,v3_to_v4,9,96.20600728000338,89.72327643869737
droid_speak,large,v3_to_v4,10,106.8725106666911,100.0
droid_speak,max,v1_to_v2,1,18.642801633781406,0.0
droid_speak,max,v1_to_v2,2,25.146805966165036,0.0
droid_speak,max,v1_to_v2,3,31.650810298548667,40.04377869139381
droid_speak,max,v1_to_v2,4,38.15481463093229,40.0703565005158
droid_speak,max,v1_to_v2,5,44.65881896331592,41.351114692028794
droid_speak,max,v1_to_v2,6,51.162823295699546,45.24605239916074
droid_speak,max,v1_to_v2,7,57.66682762808318,44.79089715783232
droid_speak,max,v1_to_v2,8,64.17083196046681,43.42083490107936
droid_speak,max,v1_to_v2,9,70.67483629285044,43.00058047642394
droid_speak,max,v1_to_v2,10,77.17884062523407,45.03108241123582
droid_speak,max,v1_to_v2,11,83.6828449576177,58.976930002029135
droid_speak,max,v1_to_v2,12,90.18684929000132,80.20496596267455
droid_speak,max,v1_to_v2,13,96.69085362238495,80.05899321486075
droid_speak,max,v1_to_v2,14,103.19485795476857,81.03373723723398
droid_speak,max,v1_to_v2,15,109.69886228715222,80.84958043505547
droid_speak,max,v1_to_v2,16,116.20286661953585,100.0
droid_speak,mean,mean,,18.642801633781406,22.479083623594935
droid_speak,mean,mean,,26.778521470403266,34.52618149280058
droid_speak,mean,mean,,34.91424130702512,53.313703717489894
droid_speak,mean,mean,,43.04996114364698,60.994034669889935
droid_speak,mean,mean,,51.18568098026884,65.96566784091658
droid_speak,mean,mean,,59.3214008168907,69.25300390619817
droid_speak,mean,mean,,67.45712065351256,72.64202829664279
droid_speak,mean,mean,,75.59284049013442,75.76272891892411
droid_speak,mean,mean,,83.72856032675628,82.29085043817064
droid_speak,mean,mean,,91.86428016337814,89.8461401721906
droid_speak,mean,mean,,100.0,91.31118560741601
tail_recomputation,medium,v2_to_v3,32,4.611192426969433,2.759921497402556
tail_recomputation,medium,v2_to_v3,64,9.126501471553743,2.488358030376383
tail_recomputation,medium,v2_to_v3,128,17.869469413566986,9.30294513856262
tail_recomputation,medium,v2_to_v3,256,34.20480470897198,30.10949046477458
tail_recomputation,medium,v2_to_v3,512,62.27307294529597,53.79631502610245
tail_recomputation,medium,v2_to_v3,1024,100.0,100.0
tail_recomputation,large,v0_to_v1,32,4.273227286484672,2.1314605811753284
tail_recomputation,large,v0_to_v1,64,8.472375393196138,4.065559638792892
tail_recomputation,large,v0_to_v1,128,16.64843406729946,7.7247471274749655
tail_recomputation,large,v0_to_v1,256,32.11160125822764,19.221761250575263
tail_recomputation,large,v0_to_v1,512,59.4821350109702,44.02625677557977
tail_recomputation,large,v0_to_v1,1024,100.0,100.0
tail_recomputation,max,v1_to_v2,32,4.291904619555379,3.084273488446557
tail_recomputation,max,v1_to_v2,64,8.508525070107185,5.462946364372696
tail_recomputation,max,v1_to_v2,128,16.71591346420008,19.988761477378862
tail_recomputation,max,v1_to_v2,256,32.22728022434299,43.59272881047626
tail_recomputation,max,v1_to_v2,512,59.63637363245732,52.53355961407505
tail_recomputation,max,v1_to_v2,1024,100.0,100.0
tail_recomputation,mean,mean,,4.611192426969433,2.770478705319792
tail_recomputation,mean,mean,,14.15007318427249,9.486046443731487
tail_recomputation,mean,mean,,23.688953941575548,20.091508994436523
tail_recomputation,mean,mean,,33.2278346988786,31.0058549786224
tail_recomputation,mean,mean,,42.76671545618166,37.74783876825342
tail_recomputation,mean,mean,,52.30559621348471,44.34985091139236
tail_recomputation,mean,mean,,61.844476970787774,51.95152695372267
tail_recomputation,mean,mean,,71.38335772809083,63.922844298746384
tail_recomputation,mean,mean,,80.92223848539389,75.94856286583092
tail_recomputation,mean,mean,,90.46111924269695,87.97428143291548
tail_recomputation,mean,mean,,100.0,100.0
kv_translation,medium,v0_to_v1,1,27.074712460100436,17.661267457146312
kv_translation,medium,v0_to_v1,2,50.87573691548648,35.26903597461895
kv_translation,medium,v0_to_v1,3,75.78437341353259,37.21097548232521
kv_translation,medium,v0_to_v1,4,101.80143141492766,37.614669040779674
kv_translation,large,v1_to_v2,1,31.75924671892537,27.665054718577945
kv_translation,large,v1_to_v2,2,60.13704618725594,29.081716367317966
kv_translation,large,v1_to_v2,3,89.83735819265516,29.123596330632605
kv_translation,large,v1_to_v2,4,120.86179123978984,29.318768134937642
kv_translation,max,v0_to_v1,1,32.276562475036975,36.940673240481324
kv_translation,max,v0_to_v1,2,59.962385878554436,40.21135987897608
kv_translation,max,v0_to_v1,3,88.93847312339204,39.07626495413809
kv_translation,max,v0_to_v1,4,119.2063934917698,38.274347271733625
kv_translation,mean,mean,,32.276562475036975,28.71369969749072
kv_translation,mean,mean,,39.04890622753328,30.763118439217866
kv_translation,mean,mean,,45.821249980029584,32.812537180945014
kv_translation,mean,mean,,52.59359373252589,34.48298075255106
kv_translation,mean,mean,,59.36593748502219,35.03835755768413
kv_translation,mean,mean,,66.1382812375185,35.172849690198795
kv_translation,mean,mean,,72.9106249900148,35.263597011581176
kv_translation,mean,mean,,79.6829687425111,35.273193768969485
kv_translation,mean,mean,,86.4553124950074,35.22297249302354
kv_translation,mean,mean,,93.22765624750372,35.1963952994692
kv_translation,mean,mean,,100.0,35.18581559264813
shared_correction,medium,v3_to_v4,256,3.025647437066962,23.43056403038214
shared_correction,medium,v3_to_v4,512,6.051125305938019,24.98788983682178
shared_correction,medium,v3_to_v4,1024,12.102081043680133,25.372545055921524
shared_correction,medium,v3_to_v4,2048,24.203992519164363,25.16019813832494
shared_correction,large,v0_to_v1,256,3.195113800247684,26.124308637083537
shared_correction,large,v0_to_v1,512,6.390100284724388,26.109459812939768
shared_correction,large,v0_to_v1,1024,12.780073253677799,25.72492594877025
shared_correction,large,v0_to_v1,2048,25.560019191584615,25.977938414369362
shared_correction,max,v1_to_v2,256,3.528169690933982,11.146624798819714
shared_correction,max,v1_to_v2,512,7.056222536206243,15.5396132477329
shared_correction,max,v1_to_v2,1024,14.112328226750758,11.248881236756654
shared_correction,max,v1_to_v2,2048,28.224539607839798,7.607573641379806
shared_correction,mean,mean,,3.2496436427495428,20.233832488761795
shared_correction,mean,mean,,6.499149375622884,22.21232096583148
shared_correction,mean,mean,,12.998160841369563,20.78211741381614
shared_correction,mean,mean,,25.996183772862924,19.581903398024703
shared_plus_user_history,medium,v2_to_v3,4096,48.84647835166268,56.0940490383003
shared_plus_user_history,medium,v2_to_v3,7144,85.15335314351888,55.895882917507045
shared_plus_user_history,large,v1_to_v2,4096,51.80899179957219,81.5653878486441
shared_plus_user_history,large,v1_to_v2,7144,90.31060557405532,81.47163999980579
shared_plus_user_history,max,v0_to_v1,4096,57.35882770458257,76.11663305693496
shared_plus_user_history,max,v0_to_v1,7144,99.99441338304331,75.17679651741398
shared_plus_user_history,mean,mean,,52.67143261860582,71.25868998129312
shared_plus_user_history,mean,mean,,91.8194573668725,70.84810647824227
